LABEL,PHY_REGION,LAT,LON
Albion St EEC,E,34.0686779336336,-118.220147118245
Alexandria Ave EEC,E,34.0788062148167,-118.298665765436
Rinaldi Adult Center,N,34.2788047331072,-118.513941744181
Transportation Branch Office,E,34.0597693564536,-118.254307387376
Castellanos,S,34.0394924789098,-118.295428354072
Cisneros Lrng Acad,E,34.0761205993938,-118.265078025952
Azalea Acad,E,33.95166416543,-118.189452544695
ISIC,E,34.0563432351408,-118.257410886557
East Valley Skills Ctr,N,34.2255788541802,-118.409911324368
Buchanan St DLC Sp,E,34.119087943902,-118.20647172425
Lizarraga DL Sp,E,34.0106549884893,-118.266872733234
Menlo Ave DLC Sp,S,34.007816789375,-118.288705841034
ISANA Himalia Acad,E,34.0009970794352,-118.256297990352
ISANA Himalia Acad,E,34.0026876527093,-118.259308442763
Sylvan Park EEC,N,34.1828535856931,-118.46013439056
Telfair Ave EEC,N,34.2684479667756,-118.430990264226
Grant EEC,W,34.0996934156352,-118.311800940609
Gratts EEC,E,34.0556975409021,-118.263846871132
Haddon Ave EEC,N,34.2533241569662,-118.420972566806
Locke EEC,S,33.9344243301179,-118.268855042073
Olguin High,S,33.7158550544224,-118.298862848491
East LA Star Adult Ed,E,34.0392059700594,-118.172038833998
Newton St Admin,E,34.0268048533315,-118.24592218557
Inventory Mgt,,33.9808735899674,-118.107227885388
Oat Mountain Radio Tower,N,34.3292865603997,-118.601218931009
Mt Lee Radio Tower,W,34.1339730409393,-118.320798863157
Bassett St DLC Sp,N,34.1954036606047,-118.477536605638
Stella ES Chrtr Acad,W,34.00862351264,-118.342479324924
Palisades Chrtr High,W,34.045699657749,-118.531099126643
McAuliffe EEC,E,33.9521535965335,-118.190776581048
Mikes EEC,S,33.9692741737483,-118.291130992448
Miles Ave EEC,E,33.9772311719949,-118.218432002674
Miramonte EEC,S,33.9770388817326,-118.250418062824
Monte Vista EEC,E,34.1123610906339,-118.197926203902
Murchison St EEC,E,34.0604239385228,-118.19546431634
Watson Career Trng Ctr,W,34.0162034921616,-118.335469950353
School Police Dept,E,34.0600559601737,-118.253997780349
HR-Teacher Trng Acad,E,34.0819833929432,-118.257510763574
Sp Ed Svc Ctr - NE,N,34.2492110563408,-118.426142922516
Local Dist West Support,W,34.0281415262861,-118.438416796778
LASP Northeast Div,N,34.2717533744596,-118.404505636546
Sun Valley Health/Dental,N,34.2017935927298,-118.375231209702
Mt Lukens Radio Tower,N,34.2682915291289,-118.238835400717
CWC Sch East Valley,N,34.1719818705138,-118.39448395771
Paseo Del Rey DTS,W,33.9570019104655,-118.434073043533
Paseo Del Rey Mag,W,33.9570019104655,-118.434073043533
Iovine Young Ctr Mag,S,34.0087579467366,-118.328845122741
Carnegie AMME Mag,S,33.8296722278265,-118.258136519295
Noble Ave EEC,N,34.2218587118118,-118.461400470962
Normandie Ave EEC,S,34.0034227213664,-118.298357632048
Normont EEC,S,33.797003083226,-118.293514450419
Northridge EEC,N,34.2240151887882,-118.52713343717
Pacoima EEC,N,34.2709562471485,-118.415050822736
Park Western Pl EEC,S,33.7537590867662,-118.304435462734
H.E.E.T. (C/D) CoS,S,33.9966452756709,-118.327620201394
"Lincoln Heights/El Sereno CoS",E,34.0687902054101,-118.186831693678
"San Pedro CoS",S,33.7649139427926,-118.298533344713
Wilmington Skill Ctr,S,33.7713139324358,-118.266568123687
San Pedro Sci Ctr,S,33.7651480391584,-118.296498211783
Van Nuys Bus Garage,N,34.2207363693035,-118.48514290901
Fairfax CoS,W,34.0900967496591,-118.362129892309
Fremont CoS,S,33.9692821174227,-118.289250640767
Clinton MHC Mag,E,34.0173173115361,-118.277014160558
East Valley ICM Mag,N,34.1700460922892,-118.371402957476
Menlo Ave STEAM Mag,S,34.007816789375,-118.288705841034
Sterry DTJ,W,34.0443393602263,-118.447322627523
Pinewood Ave EEC,N,34.252419985359,-118.285531829046
Shenandoah St EEC,W,34.0380065386511,-118.385339276003
Anton EEC,E,34.046274861096,-118.181635457748
Roosevelt Infant,E,34.0374673938794,-118.211809960207
Toluca Lake EEC,N,34.1599134400149,-118.359742410368
Trinity EEC,E,34.0114573811842,-118.269764212405
Gardena CoS,S,33.8828835822025,-118.301307994596
Glassell Park/Los Feliz CoS,W,34.0928517553487,-118.288271236043
H.E.E.T. (W) CoS,S,33.9514976896732,-118.288082776581
Hamilton CoS,W,34.0180531165768,-118.420205040918
Harbor City/Lomita CoS,S,33.8047639310786,-118.302175885496
Huntington Park/Vernon CoS,E,33.9775483732812,-118.217795778992
Hollywood CoS,W,34.0916472863509,-118.300012348721
Kennedy/NAHS/VAAS CoS,N,34.2623978411535,-118.479954985311
Wilshire Park DWL,W,34.061077360283,-118.315287597992
VA STEAM,E,34.0533527590263,-118.177747167239
VA Ldsrp & Pub Srvc,S,34.0310605219822,-118.29300530434
VA Int Studies Wld Lg,N,34.223229023321,-118.407878185829
VA Computer Science,S,33.9966452756709,-118.327620201394
Wilton Pl El DLC Sp,W,34.0585321455232,-118.315369035643
Broadway DLC Ma,W,33.9970752430515,-118.46226702783
Cienega DLC Sp,W,34.0314236189948,-118.354192328637
Maple PC DLC Sp,E,34.0154976272077,-118.271201807356
San Miguel DLC Sp,E,33.9451778052279,-118.201481445966
El Sereno Gifted Mag,E,34.0796107333246,-118.179646213085
Burbank MS PA Mag,E,34.1189567731642,-118.182426762187
Le Conte HEAT Mag,W,34.094867423675,-118.316884791275
Madison MMS Mag,N,34.1964268682075,-118.416497522769
Wilson PA Mag,E,34.0687902054101,-118.186831693678
Euclid Ave DLC Sp,E,34.0310700086891,-118.206195448144
Loreto St DLC Sp,E,34.0864490701553,-118.216595542841
Magnolia Ave DL Sp,W,34.0436408482522,-118.287441738673
San Fernando DL Sp,N,34.279410987684,-118.448247331538
Cowan Ave DLC Sp,W,33.9726498971627,-118.406157294832
Walnut Park DLC Sp,E,33.9670722214952,-118.223772100659
Nevada Ave DLC Sp,N,34.2233196733656,-118.608124383685
Estrella EEC,E,33.9905758692227,-118.273105114146
Evergreen Ave EEC,E,34.0508321298265,-118.196880661558
Fair Ave EEC,N,34.1899410628943,-118.376911038749
Gardena EEC,S,33.8700739039128,-118.298546789152
Glassell Park EEC,W,34.1051568887425,-118.237016648672
Gledhill St EEC,N,34.2415069468993,-118.482581540663
Narbonne STEAM Mag,S,33.8029409910589,-118.305383460846
Stevenson Gifted Mag,E,34.0270851537075,-118.19361925755
Addams High,N,34.2738512061768,-118.488224723158
Angel's Gate High,S,33.7135773439827,-118.29663873545
Boyle Heights High,E,34.037244367274,-118.211981382743
Burke High,N,34.2174191444532,-118.45280799751
135th St DLC Sp,S,33.9096724178452,-118.289497632408
Alexandria Ave DTS,E,34.0783668820902,-118.298812568312
Parmelee Ave DL Sp,S,33.9700583826955,-118.250991482602
California Creative Lrng Acad,E,34.1187929484872,-118.23102649676
Banning PA Mag,S,33.7936065395161,-118.262015701876
Cheviot Hills High,W,34.0355866838126,-118.392536111219
Earhart High,N,34.1681364235982,-118.388044260512
Ellington High,S,33.9357117699693,-118.303378139221
Evergreen High,N,34.3097648604816,-118.440054072973
Hope High,S,33.9675614823548,-118.267133942753
Independence High,N,34.1895792250557,-118.501700625288
Isaacs Avalon High,S,33.7920226681611,-118.263591226037
Kahlo High,E,34.0298161797105,-118.263858712788
Glenfeliz Blvd EEC,W,34.122924812788,-118.266286047208
Lemay St EEC,N,34.1923023609891,-118.516236397719
Arminta St EEC,N,34.214160106077,-118.382290166334
Bradley EEC,S,33.9367303284566,-118.254572277282
Cabrillo Ave EEC,S,33.7367164030618,-118.293132781356
State St EEC,E,33.9650827014426,-118.211739511511
Lewis High,N,34.2262245572023,-118.403933460973
London High,N,34.1764338332592,-118.414731815964
Mission High,N,34.2701823698805,-118.439924475975
Moneta High,S,33.8671808924201,-118.294722424798
Mt Lukens High,N,34.2597390301605,-118.300409663746
Newmark High,E,34.0613351026175,-118.262757902791
Braddock Dr DL Ma,W,33.9927165657044,-118.415905702453
RFK UCLA Comm Sch DLC,W,34.0580274281338,-118.296998266215
MacArthur Pk DL Sp,E,34.0572051701342,-118.279692628957
Kim DLC Sp,W,34.0702247652619,-118.308157190929
Vaughn EEC,N,34.2791997306945,-118.422870869405
Wadsworth Ave EEC,E,34.0094664230807,-118.25735293381
Odyssey High,E,33.9552907691426,-118.211203763669
Owensmouth High,N,34.196590327831,-118.603081651846
Patton High,S,33.8019921101432,-118.307266556788
Carlson Home,N,34.1477552134621,-118.36882511446
Yth Opp Unltd Alt High,S,33.9602049327127,-118.289760579405
Hazeltine Ave DLC Sp,N,34.2006177630728,-118.439227896474
Castle Heights DLC Sp,W,34.0384865596764,-118.398353636528
Sunrise DLC Sp,E,34.0298098967939,-118.209882430052
61st St DLC Sp,S,33.984392691758,-118.28180964445
Catskill Ave DLC Sp,S,33.8119332268713,-118.270382631693
116th St DLC Sp,S,33.9287410076785,-118.261159640802
Graham DLC Sp,S,33.9609960481612,-118.238158834776
Elementary CDS,E,34.0339793556182,-118.23432878103
Phoenix High,W,33.9969010666911,-118.440851141641
Pueblo de LA High,E,34.0687918366515,-118.197616816286
San Antonio High,E,33.9874104039035,-118.21708504744
96th St DLC Sp,S,33.9501846705614,-118.248323468966
Dominguez DLC Sp,S,33.836104344586,-118.213952069143
Knox DLC Sp,S,33.9555258060262,-118.274575666599
Fullbright DLC Sp,N,34.1965223997534,-118.576261850917
Hobart Blvd DLC Sp,W,34.0534965622101,-118.304837812289
Park Ave DLC Sp,E,33.960674753779,-118.173237566686
Aurora DTS,E,33.9946781227489,-118.257577152826
Westminster Ave EEC,W,33.991750182059,-118.473213645733
Wilton Pl EEC,W,34.0583637214986,-118.316007989664
Cleveland Infant Ctr,N,34.2159056130897,-118.547732681127
Locke Infant Ctr,S,33.9344243301179,-118.268855042073
Ramona Infant Ctr,E,34.0389565726487,-118.191706894522
Thoreau High,N,34.1690974904871,-118.569887706075
Whitman High,W,34.0803992483388,-118.35968574945
Wooden High,N,34.213047926087,-118.541399542661
Young High,S,33.9951232469084,-118.326127056108
Vista del Valle Ac DL,N,34.2955288816645,-118.42168708674
Aldama DLC Sp,E,34.1099671998992,-118.207163135168
Huntington Dr DLC,E,34.0827180838208,-118.191850410578
Wilton Pl DLC Ko,W,34.0585321455232,-118.315369035643
Miles Ave DLC Sp,E,33.9775483732812,-118.217795778992
Kingsley DLC Sp,W,34.0914007802775,-118.303194933425
Cahuenga DLC Ko,W,34.0703635784258,-118.305096218548
Elizabeth LC DLC Ar,E,33.9640912198657,-118.184026436754
Carson-Gore DTS,W,34.0393607922479,-118.319101186673
Normont DLC Sp,S,33.7960341335865,-118.293245363808
Grant DLC Ar,W,34.0999492713168,-118.31248145657
Hooper Ave PC DLC Sp,E,33.9955803168569,-118.252828398222
Alexander SCS DLC Sp,S,34.0173077198559,-118.284016575494
Queen Anne Pl DLC,W,34.0512679255756,-118.330902093531
Roybal-Allard DLC,E,33.9754040549464,-118.209501312122
Gridley St DLC Sp,N,34.3027484423011,-118.429103021962
3rd St DLC Ko,W,34.0700084552056,-118.335342262542
Logan Acad DL TWI,E,34.0794955663329,-118.257580542276
Portola Acad of IA&T,N,34.1661497110745,-118.542851607329
Woodlawn Ave DL Sp,E,33.9778153361824,-118.177234190365
Madison DLC Sp,E,33.9459162409876,-118.214163290428
Cahuenga DLC Sp,W,34.0703635784258,-118.305096218548
Atwater Ave DLC Sp,W,34.1150658363587,-118.25450128524
Kittridge St DL Ar,N,34.1915872146972,-118.429897379652
118th St DLC Sp,S,33.926025007834,-118.271998356847
Arlington Hts DTS,W,34.0414207233319,-118.325467041658
Marianna DLC Sp,E,34.0356831015109,-118.175175444096
Gardena DLC Sp,S,33.8822868857752,-118.286610994081
Stoner Ave DLC Sp,W,33.995590307005,-118.413474083048
Meyler St DLC Sp,S,33.8253646927681,-118.295902226105
City Terrace DL Ma,E,34.0569603150361,-118.171478164178
Denker Ave DLC Ko,S,33.8828837029721,-118.305735320032
Saticoy DL Ar,N,34.2130091510821,-118.41554138922
Gratts LA for YS DLC,E,34.058141920347,-118.262804909604
2nd St DLC Sp,E,34.0448840624096,-118.217485281107
Telfair Ave DLC Sp,N,34.2681699708803,-118.431923626729
Roscoe DLC Sp,N,34.2163947102948,-118.366862650325
Humphreys Ave DLC Sp,E,34.0286821737471,-118.170272432537
6th Ave DLC Sp,W,34.0266254768233,-118.324172710326
Ford Blvd DLC Sp,E,34.0202806956606,-118.171411794682
Willow DLC Sp,E,33.9552462978956,-118.222013584043
Washington PC DLC Sp,S,33.9326544023754,-118.291004240655
Kittridge St DLC Sp,N,34.1915872146972,-118.429897379652
Coldwater Cyn DTS,N,34.195038890033,-118.412518919205
Lassen DLC Sp,N,34.2472355372172,-118.459957722403
Anton DTS,E,34.0465867067434,-118.181787537502
Ochoa LC DLC Sp,E,33.9679311713605,-118.176600879948
Mayberry St DL Sp,W,34.084012294974,-118.264872096619
President Ave DLC,S,33.8047639310786,-118.302175885496
Richland Ave DL Fr,W,34.027732999331,-118.439372288493
Farmdale DLC Sp,E,34.0776171918636,-118.179377776566
RFK Ambsdr Glbl Ed Sp,W,34.0584167136384,-118.2958907297
Latona Ave DLC Sp,E,34.0917797098547,-118.202312099378
Fishburn Ave DLC Sp,E,33.9891596407548,-118.190878245225
South Park DLC Sp,S,33.9608377321974,-118.26621080561
State St DLC Sp,E,33.9643959259554,-118.211670861569
Independence DLC Sp,E,33.9589776284574,-118.210106886192
Ranchito Ave DLC Sp,N,34.2148929731136,-118.43381227376
Lorena St DLC Sp,E,34.0255836369784,-118.203412028705
Broad Ave DLC Sp,S,33.8015055776435,-118.262776266909
Wilshire Crest DLC Sp,W,34.0580308820798,-118.343760285597
Chapman DLC Ma,S,33.895501417947,-118.312912212732
Stanford PC DLC Sp,E,33.9482683444406,-118.217643785154
San Miguel DLC Mnd,E,33.9451778052279,-118.201481445966
Baca Arts Acad DLC Sp,S,33.9557580566187,-118.246216696189
Kim DLC Ko,W,34.0702247652619,-118.308157190929
Sunny Brae DLC Sp,N,34.2128775520168,-118.582085317111
Rosemont Ave EEC,E,34.0716168280196,-118.269559571821
Cruz EEC,E,34.0476013936162,-118.272590156298
24th St EEC,S,34.0350726050191,-118.312086390609
Loma Vista DLC Sp,E,33.9900452104811,-118.199659499309
San Gabriel DLC Sp,E,33.9556750483225,-118.201672234702
Harvard DLC Sp,W,34.0769681307914,-118.303979902931
Micheltorena St DL,W,34.0890972814677,-118.275474092646
Florence Ave DL Sp,E,33.9738239441915,-118.23880394585
RFK Ambsdr Glbl Ed Sp,W,34.0584167136384,-118.2958907297
Broadway DLC Ma,W,33.9970752430515,-118.46226702783
Castelar St EEC,E,34.0637981693771,-118.239928395505
Cleveland EEC,N,34.2159056130897,-118.547732681127
Collins EEC,S,33.9956701086813,-118.289492082001
Dacotah EEC,E,34.0219362109093,-118.209834574652
Dolores St EEC,S,33.8237238346629,-118.271859496152
Escalante EEC,E,33.9694945728386,-118.188745843558
Olive Vista STEAM Mag,N,34.3114637374339,-118.449925376479
Wonderland Gifted Mag,W,34.113928276009,-118.380064301182
Eastman Ave DL Sp,E,34.0177218041994,-118.18553878109
Montara Ave DL Sp,E,33.9445594116711,-118.217857241302
Mountain View DLC,N,34.2484171365165,-118.272435734488
Cantara St,N,34.2184579857125,-118.525364029544
Stagg St,N,34.212977966462,-118.506606441947
Lorne St,N,34.216485583549,-118.513130241248
Anatola Ave,N,34.2032405906433,-118.514269945322
Calvert Chrtr for Enr Studies,N,34.1818506950049,-118.565022303122
Gault St,N,34.1985333655814,-118.504581553489
Lemay St,N,34.1929604243747,-118.515580377261
Mulholland Middle,N,34.192747710701,-118.505353006488
Garden Grove,N,34.2055978380724,-118.52837363124
Bertrand Ave,N,34.1984047246209,-118.525356549474
Parthenia Acad of Arts and Tech,N,34.2276812917051,-118.499296179354
Sunland,N,34.2628959631439,-118.314318217222
Mount Gleason Middle,N,34.2693859868144,-118.303787789095
Langdon Ave,N,34.2301833480984,-118.470816660561
Noble Ave,N,34.2232838384676,-118.461741452139
Fulton College Prep,N,34.206590548533,-118.45961777229
Sylvan Park,N,34.1836560443428,-118.460814751919
Bassett St,N,34.1954036606047,-118.477536605638
Hazeltine Ave,N,34.2006177630728,-118.439227896474
Ranchito Ave,N,34.2148929731136,-118.43381227376
Burton St,N,34.2197428502387,-118.44171673145
Saticoy,N,34.2130091510821,-118.41554138922
Strathern St,N,34.214958897289,-118.400903456169
Cohasset St,N,34.2076178834663,-118.478267337925
Francis Polytechnic High,N,34.223947094801,-118.40394172765
Arminta St,N,34.2149958443657,-118.382767757984
Sun Valley ET Mag,N,34.2032408353823,-118.376381058862
Fair Ave,N,34.1894650080545,-118.375627961759
Victory Blvd,N,34.1856972323802,-118.392980464045
Plainview Academic Chrtr Acad,N,34.2656197321441,-118.299165513966
Woodlake ES Comm Chrtr,N,34.1762839555701,-118.633520032732
Ambler Ave,S,33.8781982740333,-118.270799735346
1st St,E,34.0405189968146,-118.204782674088
Gates St,E,34.0728476327389,-118.205859124422
Gledhill St,N,34.2410120199986,-118.48197551446
Lassen,N,34.2472355372172,-118.459957722403
Verdugo Hills High,N,34.2616539903068,-118.299325286442
Monlux,N,34.1815698977264,-118.409918260573
Erwin St,N,34.1822158760157,-118.424796260748
Kittridge St,N,34.1915872146972,-118.429897379652
Van Nuys,N,34.1882400704909,-118.445471211579
Madison Middle,N,34.1964268682075,-118.416497522769
Coldwater Canyon,N,34.195038890033,-118.412518919205
Westside Glbl Awr Mag,W,33.979226117896,-118.464633534371
Vine St,W,34.0880440980414,-118.327171812915
Allesandro,W,34.1019316009581,-118.251937256777
Apperson St,N,34.2552467741843,-118.307937334646
Vinedale Col Prep Acad,N,34.2332211707179,-118.352673969053
Lowman Spec Ed Ctr and Career Trans Ctr,N,34.2070996462063,-118.413189094275
Roscoe,N,34.2163947102948,-118.366862650325
Hale Chrtr Acad MS,N,34.1766139473901,-118.645476862652
Calabash Chrtr Acad,N,34.1586763448353,-118.629472049458
Woodland Hills Chrtr,N,34.159118335596,-118.610352863367
Dyer St,N,34.300085839418,-118.447959059752
Marina EEC,W,33.9872322414059,-118.418607843778
Olive Vista Middle,N,34.3114637374339,-118.449925376479
Stonehurst STEAM Mag,N,34.249154568696,-118.370354929243
Mountain View,N,34.2484171365165,-118.272435734488
Glenwood,N,34.216421747708,-118.358221925236
San Fernando High,N,34.2728612098131,-118.443318338016
Chase St,N,34.2264236387686,-118.439382577463
Colfax Chrtr,N,34.1607295713442,-118.388394559748
North Valley Occ Ctr,N,34.2782233858306,-118.456869696466
Monte Vista St,E,34.110512718442,-118.198042150684
Glen Alta,E,34.0851481568188,-118.199438236794
Solano Ave,E,34.0762305696989,-118.232374493937
Castlebay Lane,N,34.293461075244,-118.547687467182
Vaughn Next Century Learning Ctr,N,34.2808946122278,-118.4231811849
Justice St Acad Chrtr,N,34.2155791440526,-118.635216122332
Capistrano Ave,N,34.2167560027589,-118.61633882199
Nevada Ave,N,34.2233196733656,-118.608124383685
Canoga Park Middle,N,34.2116069717164,-118.612046025358
Canoga Park,N,34.2056157781138,-118.605211730738
Hart St,N,34.1965357477804,-118.591762060722
Chatsworth Chrtr,N,34.253657416911,-118.586327704224
Nobel Chrtr Middle,N,34.251219580033,-118.55248823113
Kennedy High,N,34.2751250165491,-118.487004223785
Andasol Ave,N,34.2547947032851,-118.514418380875
Mayall St Acad of Art & Tech Mag,N,34.2545940951501,-118.495655188825
Canoga Park High,N,34.1956119531789,-118.603759799087
Enadia Tech Enriched Chrtr,N,34.1993828025125,-118.62666484071
Sunny Brae Ave,N,34.2128775520168,-118.582085317111
Winnetka Ave,N,34.2195634930607,-118.569855701745
Melvin Ave,N,34.2099864598315,-118.559109882816
Cleveland Chrtr,N,34.2178488857485,-118.547377885641
Balboa Blvd Mag,N,34.248017276611,-118.503208244563
Monroe High,N,34.2375970039167,-118.478507750577
Dearborn Chrtr Acad,N,34.2383405435373,-118.507595508907
Plummer,N,34.2405369400217,-118.460030221564
Vintage Sci/Math Mag,N,34.251978367213,-118.477369205825
San Jose St,N,34.2618757597288,-118.457512579967
J Miller Career/Transition Ctr,N,34.2202118959382,-118.548607513597
Sutter Middle,N,34.2029967490709,-118.569556070386
Fullbright Ave,N,34.1965223997534,-118.576261850917
Welby Way Chrtr,N,34.1914996975024,-118.637890958146
Montague Chrtr AAS,N,34.244194810026,-118.415714506293
Sharp Ave,N,34.2522807984906,-118.432525182875
Beachy Ave,N,34.2474755941096,-118.438795016645
Liggett St,N,34.2406121288965,-118.446262352372
Pacoima Chrtr,N,34.2693537504351,-118.414922178735
Hamlin Chrtr Acad,N,34.1898994166388,-118.620012226983
Haynes Chrtr for Enriched Studies,N,34.1903857008583,-118.648098431824
Lockhurst Dr Chrtr,N,34.1830193188269,-118.646957204429
Pomelo Comm Chrtr,N,34.2090158436785,-118.643063239293
Leichman Spec Ed Ctr,N,34.1986844476446,-118.54841943449
Canterbury Ave,N,34.2330337620449,-118.429261607391
Vena Ave,N,34.2398681941686,-118.420682881943
Fernangeles,N,34.232032687766,-118.39509313057
Telfair Ave,N,34.2681699708803,-118.431923626729
Lokrantz Spec Ed Ctr,N,34.2038990907863,-118.556898978761
Reseda,N,34.2039912562333,-118.538786109596
Reseda Chrtr High,N,34.1896107317814,-118.529241164524
Sherman Oaks Center for Enriched Studies,N,34.1852605674977,-118.538418558138
Vanalden Ave,N,34.1833535913855,-118.547202120685
Shirley Ave,N,34.1961530690616,-118.557200208302
West Valley Occup Center,N,34.1839910124351,-118.569327282877
Brainard,N,34.2774078059759,-118.364612617322
Heliotrope Ave,E,33.9859365663498,-118.177789794405
San Antonio,E,33.9829443219254,-118.211509572272
Park Ave,E,33.960674753779,-118.173237566686
South Gate High,E,33.956040202184,-118.208953325621
South Gate Middle,E,33.9519873371832,-118.19799105587
Walnut Park,E,33.9670722214952,-118.223772100659
Fairfax High,W,34.0820377192664,-118.360065586564
Union Ave,E,34.0632282940772,-118.267125175914
Roscomare Rd,W,34.1209189037287,-118.464889915578
Brockton Ave,W,34.0441340371624,-118.462880016846
Brentwood Mag,W,34.0508064408914,-118.474093113167
Mayberry St,W,34.084012294974,-118.264872096619
Clifford Math & Tech Mag,W,34.0889366826662,-118.258055230922
Los Feliz STEMM Mag,W,34.102481544388,-118.292813651656
Franklin Ave,W,34.1059760264358,-118.284671606231
King Film/Media Mag,W,34.0970400763778,-118.280831095752
Westminster Ave M/T/E Mag,W,33.9914704941386,-118.472302855259
Twain Middle,W,34.0010387722503,-118.446065389237
Vanowen Dist Warehouse,N,34.1944214500627,-118.594650311863
Sylmar Chrtr High,N,34.3078915768732,-118.440453567587
Holmes Middle,N,34.2407140864165,-118.506494954804
Aggeler High (Opp),N,34.2424356461723,-118.592816021867
City Terrace,E,34.0569603150361,-118.171478164178
Foshay Learning Ctr,S,34.0191598098432,-118.307476803477
Stella ES Chrtr Acad,W,34.0313726330129,-118.352489105152
Puente Chrtr,E,34.0412501222222,-118.219811144831
North Hollywood High,N,34.1667129120932,-118.39003906227
KIPP LA College Prep,E,34.0315026682046,-118.209765775114
N.E.W. Academy - Sci & Arts,E,34.058795106975,-118.266832041462
PUC CALS Chrtr Middle and Early College HS,E,34.137214965403,-118.187731498085
Our Community Chrtr,N,34.2528343284496,-118.563500948867
74th St,S,33.9723379910949,-118.316614488232
North Valley Military Inst Col Prep Acad,N,34.2680241453402,-118.302910352682
Renaissance Arts Acad,W,34.1079373407982,-118.241443851056
De La Hoya Animo High,E,34.0234688972628,-118.203483349549
PUC Lakeview Chrtr School,N,34.2800975461506,-118.381550015201
Lafayette Park PC,E,34.0664371661031,-118.280394646194
Ochoa Lrng Ctr,E,33.9679311713605,-118.176600879948
Downtown Value School,S,34.0373080018032,-118.279445265852
Bellingham,N,34.1928290693254,-118.398162674935
HighTech LA,N,34.1869040473226,-118.504988501579
Bert Corona Chrtr,N,34.2403595094289,-118.415416680894
Angeles Mesa,W,33.9960174376157,-118.321978198259
Windsor Mag,W,33.9962938546103,-118.356530841437
Discovery Chrtr Prep 2,N,34.3187224404751,-118.425397687842
Raymond Ave,S,33.971638483736,-118.299217578521
186th St,S,33.8629376659692,-118.305929973275
Halldale,S,33.8334037230259,-118.300636027121
Gardena High,S,33.868460920097,-118.296833965145
Towne Ave,S,33.857775483488,-118.267063376753
Van Deene Ave,S,33.8379434798885,-118.288689111963
White Middle,S,33.8256582402112,-118.284929356529
Caroldale Lrng Comm,S,33.8223588638461,-118.282806831965
Menlo Ave,S,34.007816789375,-118.288705841034
Alexander Sci Ctr,S,34.0173077198559,-118.284016575494
Stanford PC,E,33.9482683444406,-118.217643785154
Vista Middle,N,34.2200608252712,-118.460625838339
Miller,S,33.9692821174227,-118.289250640767
Manchester Ave,S,33.9594137359706,-118.285824264319
Barrett,S,33.9482918674599,-118.281100863572
Carson St,S,33.8326134875615,-118.275121954092
Dolores St,S,33.8215770397151,-118.271886833783
Carson High,S,33.8222190430471,-118.273949283204
Carnegie Middle,S,33.8296722278265,-118.258136519295
Bonita St,S,33.828508429894,-118.260429781908
Leapwood Ave,S,33.8558427500796,-118.260924646881
West Vernon Ave,E,34.0046884974513,-118.279622233065
Maple PC,E,34.0154976272077,-118.271201807356
Orthopaedic Med Mag HS,E,34.0279654266195,-118.271821649507
Figueroa St,S,33.9343079772536,-118.283708386886
South Park,S,33.9608377321974,-118.26621080561
Annalee Ave,S,33.8541630582635,-118.251821137028
Curtiss Middle,S,33.8502217604818,-118.251232246635
Broadacres Ave,S,33.8542791795466,-118.239102506788
Del Amo,S,33.8368281124171,-118.240133410619
Dominguez,S,33.836104344586,-118.213952069143
Lomita Mag,S,33.8014363861274,-118.320781675322
61st St,S,33.984392691758,-118.28180964445
Loma Vista Ave,E,33.9900452104811,-118.199659499309
Miles Ave,E,33.9775483732812,-118.217795778992
Corona Ave,E,33.9768791823298,-118.197418220806
118th St,S,33.926025007834,-118.271998356847
116th St,S,33.9287410076785,-118.261159640802
Eshelman Ave,S,33.7882517607575,-118.313943779732
Harbor City,S,33.7931545745959,-118.303512348394
President Ave,S,33.8047639310786,-118.302175885496
Narbonne High,S,33.8029409910589,-118.305383460846
Normont,S,33.7960341335865,-118.293245363808
232nd Pl,S,33.8141212341761,-118.281747535974
Woodlawn Ave,E,33.9778153361824,-118.177234190365
Bell High,E,33.9726972296907,-118.190235072538
Waters Emp Prep Ctr,S,33.9373005551615,-118.255081126002
99th St,S,33.9464097792125,-118.257595922373
Parmelee Ave,S,33.9700583826955,-118.250991482602
Russell,S,33.9609866843412,-118.252047925435
Graham,S,33.9609960481612,-118.238158834776
Dodson Middle,S,33.7659305032856,-118.315632068352
Park Western Pl,S,33.7534906398306,-118.304006161718
Willenberg Spec Ed Ctr,S,33.74068849769,-118.309204502454
7th St Arts Int Mag,S,33.7386272202339,-118.310772181683
South Shores Mag,S,33.7232395480764,-118.322571764929
Johnston CDS,S,33.7649139427926,-118.298533344713
Garcetti Lrng Acad,S,33.9772687019954,-118.284312016683
96th St,S,33.9501846705614,-118.248323468966
92nd St,S,33.9519220543536,-118.236835862442
Riley High,S,33.9430575268411,-118.24714835157
Taper Ave,S,33.7625494155997,-118.298416125639
Harbor Occ Ctr,S,33.7495978953744,-118.286298090619
Barton Hill,S,33.7464854713903,-118.288975117521
Cabrillo Ave,S,33.7374416350181,-118.293692163891
Dana Middle,S,33.73026038052,-118.295767099471
15th St,S,33.7301639921139,-118.286797451988
66th St,S,33.9795415994324,-118.267628602565
Alonzo CDS,W,34.094958324709,-118.315049029285
Ritter,S,33.9338877660946,-118.227032874782
Liberty Blvd,E,33.9611409137935,-118.221621587722
Stanford Ave,E,33.9513129925174,-118.221032135779
Leland St,S,33.7247393732875,-118.300100556798
White Point,S,33.7161895356474,-118.307347036362
Pt Fermin Mag,S,33.7142555952827,-118.290239724181
Pacoima Middle,N,34.250347461963,-118.425861471474
Wadsworth Ave,E,34.0101074088603,-118.257989807619
Montara Ave,E,33.9445594116711,-118.217857241302
State St,E,33.9643959259554,-118.211670861569
Hughes,E,33.9649539775879,-118.192558707372
Independence,E,33.9589776284574,-118.210106886192
San Gabriel Ave,E,33.9556750483225,-118.201672234702
Victoria Ave,E,33.946033001068,-118.21117118887
Adams Middle,E,34.0230568092458,-118.271721871359
20th St,E,34.0228229117218,-118.250084067269
San Miguel,E,33.9451778052279,-118.201481445966
Bryson Ave,E,33.944043864505,-118.192787826408
Tweedy,E,33.9436336714285,-118.181660695461
Purche Ave,S,33.9116063835844,-118.319644339491
Chapman,S,33.895501417947,-118.312912212732
153rd St,S,33.8935171184935,-118.305890602634
Andasol Ave SPS,N,34.2547947032851,-118.514418380875
Plummer CSPP,N,34.2405369400217,-118.460030221564
Haddon Ave CSPP,N,34.2533308582277,-118.421788427652
Beachy Ave CSPP,N,34.2474755941096,-118.438795016645
Fernangeles SPS,N,34.232032687766,-118.39509313057
Sunland SPS,N,34.2628959631439,-118.314318217222
Washington PC,S,33.9326544023754,-118.291004240655
Maywood Academy High,E,33.9829591769108,-118.1895972761
ISANA Nascent Chrtr,W,34.0257248563629,-118.333379448172
CHAMPS,N,34.1949973671423,-118.448476438008
Stonehurst Ave SPS,N,34.249154568696,-118.370354929243
Capistrano SPS,N,34.2167560027589,-118.61633882199
Hart St CSPP,N,34.1965357477804,-118.591762060722
Sunny Brae Ave CSPP,N,34.2128775520168,-118.582085317111
Limerick Ave CSPP,N,34.2254990192897,-118.582186826854
Santa Monica Blvd Comm,W,34.0895271920266,-118.315600425436
Para Los Niños Chrtr,E,34.0349940581653,-118.236684821538
PUC Milagro Chrtr ES,E,34.0667063883159,-118.220161616107
36th St EEC,W,34.0234218923661,-118.311668952091
West Adams Prep High,W,34.0395303683098,-118.290433510733
Liechty Middle,E,34.0542323443386,-118.269354927016
Animo Taylor Chrtr Middle,S,33.9341711494829,-118.263753155409
Center for Advanced Lrng,E,34.0106182215116,-118.256328948124
Fenton PC,N,34.2776859729404,-118.401969994282
Magnolia Sci Acad 2,N,34.1868363900407,-118.505746108542
PUC Triumph Acad and Chrtr High,N,34.3144715496352,-118.459030996321
Synergy Chrtr,E,34.0140269819163,-118.259892217137
Harvard,W,34.0769681307914,-118.303979902931
Olympic PC,E,34.0479285740021,-118.270346332019
Ocean Chrtr,W,33.9846254155581,-118.426924126672
Legacy High International Studies Lrng Ctr,E,33.941501797601,-118.177669954048
Bernstein High,W,34.0958976916695,-118.31467838372
Roybal Lrng Ctr,E,34.0608546816963,-118.255849628652
Romer Middle,N,34.1894000153761,-118.398195087777
Byrd Middle,N,34.223229023321,-118.407878185829
Gabriella Chrtr,E,34.0793573492989,-118.257224271568
Alliance Burton Tech HS,S,33.9444578137157,-118.278553342244
Alliance Collins Family College-Ready HS,E,33.977425996691,-118.234132658474
James Jordan Middle,N,34.2173509893199,-118.53848348688
LA Acad of Arts and Enterprise,E,34.0619307567799,-118.26442459699
LA Global Studies,E,34.0576801920555,-118.261807961061
LA High for the Arts,W,34.0584167136384,-118.2958907297
Academic Leadership Community,E,34.0576801920555,-118.261807961061
School for the Visual Arts & Humanities,W,34.0584167136384,-118.2958907297
KIPP Raices Acad,E,34.0233043112967,-118.156151702367
Lake St PS,E,34.068586474522,-118.271000150994
Port of LA High,S,33.7400481907325,-118.282391696641
Annenberg High,E,34.0108190941872,-118.273732610043
Vladovic Harbor Teacher Prep Acad,S,33.7828811854656,-118.283619760027
Middle College High,S,33.9284205704016,-118.306455068469
4th St PC,E,34.0275548534704,-118.154498763386
ICEF Inno LA,S,33.9970523651069,-118.291708717238
ICEF View Park Acc Prep,W,33.9944934400284,-118.331152889151
UCLA Community School,W,34.0580274281338,-118.296998266215
De La Torre Jr.,S,33.7761546758589,-118.26544570785
Del Olmo,E,34.0736287272469,-118.292076714958
Kim,W,34.0702247652619,-118.308157190929
Huntington Park,E,33.9850761685562,-118.195417425803
Wilshire Park,W,34.061077360283,-118.315287597992
Clinton Middle,E,34.0173173115361,-118.277014160558
New Open World Acad,W,34.058026686915,-118.297299522476
Castro Middle,E,34.0615635538179,-118.264638862236
Kim Acad,W,34.0633014864712,-118.290734742284
Cortines School of VPA,E,34.0586864912061,-118.242887695408
Vista SM Mag,N,34.2200608252712,-118.460625838339
Lawrence Gifted Mag,N,34.2534141692113,-118.591845074749
Contreras School of Bus & Tourism,E,34.058826454698,-118.260232724169
Arleta High,N,34.2499478031901,-118.441739462636
East Valley High,N,34.1700460922892,-118.371402957476
Broadous EEC,N,34.2831335068003,-118.406742975211
Narbonne BET Mag,S,33.8029409910589,-118.305383460846
Gardena ER Mag,S,33.868460920097,-118.296833965145
Cleveland Hum Mag,N,34.2178488857485,-118.547377885641
Hollenbeck STEMM Mag,E,34.0360200780565,-118.212093952045
Kennedy GM Mag,N,34.2751250165491,-118.487004223785
Lincoln STM Mag,E,34.0747069182745,-118.202308543654
Brooklyn Ave EEC,E,34.0396502217494,-118.164324415592
Canoga Park EEC,N,34.2043347036153,-118.604876817121
Crescent Heights EEC,W,34.0463953807997,-118.374749262174
Dayton EEC,W,34.0821912055492,-118.287669225661
Eastman Ave EEC,E,34.0171511538349,-118.184608593702
El Sereno EEC,E,34.0900027290518,-118.175956615897
San Pedro MSTM Mag,S,33.729915585087,-118.298620196262
San Pedro PA Mag,S,33.729915585087,-118.298620196262
Curtiss GE Mag,S,33.8502217604818,-118.251232246635
Porter Ranch Sch DLC,N,34.2932053643269,-118.581605823573
N.E.W. Canoga Park,N,34.2067022036915,-118.597914938399
Escutia PC,E,33.9787698194686,-118.198358280026
Garza PC,E,34.0245504203221,-118.218367692705
Bakewell PC,S,33.9595694158135,-118.289894242731
Hooper Ave PC,E,33.9955803168569,-118.252828398222
Gates St EEC,E,34.072378719323,-118.204830016871
Graham EEC,S,33.9620174907809,-118.238222305511
102nd St EEC,S,33.9445397316435,-118.238221089684
Hawaiian EEC,S,33.7751904324244,-118.276830002843
Hobart Blvd EEC,W,34.0532900125482,-118.305890124716
Castelar St DL Ma,E,34.0640362956195,-118.239656196618
Grand View Blvd DL,W,34.0021038835828,-118.430158131419
Gates St DLC Sp,E,34.0728476327389,-118.205859124422
Fernangeles DL Sp,N,34.232032687766,-118.39509313057
Cohasset St DL Sp,N,34.2076178834663,-118.478267337925
Pacific Blvd,E,33.9906263064554,-118.22396762932
Lizarraga,E,34.0106549884893,-118.266872733234
Aurora,E,33.9946781227489,-118.257577152826
Mariposa-Nabi PC,W,34.0532109666599,-118.299470602134
Coughlin,N,34.2699466316467,-118.403382153829
Holmes Ave EEC,E,33.9952127992222,-118.240737826176
Hooper EEC,E,33.9955775569718,-118.253707903995
Laurel EEC,W,34.0874331416943,-118.364320248216
Logan St EEC,E,34.0782461491665,-118.258302769097
Marvin EEC,W,34.0354754829755,-118.365195072814
Barrett DLC Sp,S,33.9482918674599,-118.281100863572
Ambler Ave DLC Sp,S,33.8782379821752,-118.270787939905
122nd St DLC Sp,S,33.921928696819,-118.267998041535
Lexington Ave PC,W,34.0928517553487,-118.288271236043
Maywood,E,33.9932442890974,-118.183950453521
20th St DLC Sp,E,34.0228229117218,-118.250084067269
Huntington Park DLC Sp,E,33.9850761685562,-118.195417425803
Riordan PC DWF,E,34.1113191441177,-118.196427280267
Sepulveda Middle,N,34.2410773997984,-118.466059043259
Haddon Ave,N,34.2533308582277,-118.421788427652
Maclay Middle,N,34.2712844761493,-118.406249467707
Napa St,N,34.2255942948434,-118.54745543459
Middleton PC,E,33.9788041660274,-118.229351732325
Panorama City,N,34.2267722391043,-118.456887408856
Sendak,N,34.1780500486091,-118.380747474218
San Fernando EEC,N,34.2799781485815,-118.449484216345
Vine St EEC,W,34.0895443147781,-118.327224319775
Wilmington EEC,S,33.7869810119898,-118.245631995712
Animo Pat Brown,S,33.9630947293507,-118.242611283559
Animo Ralph Bunche High,E,34.012399826496,-118.243696785318
Allesandro SPS,W,34.1019316009581,-118.251937256777
Bushnell Way CSPP,E,34.1024234919918,-118.189339757433
Knollwood SPS,N,34.285302783957,-118.492490793484
Kingsley,W,34.0914007802775,-118.303194933425
Amanecer PC,E,34.0243128167963,-118.18560708151
Hollywood,W,34.0913431366621,-118.319570407826
Animo Jackie Robinson,E,34.0178907444929,-118.275840321148
Stella High Chrtr Acad,S,33.9284205704016,-118.306455068469
O'Melveny CSPP,N,34.2752139114211,-118.445485590792
Granada SPS,N,34.2666533332574,-118.507818154571
Osceola St CSPP,N,34.289897249508,-118.456177728528
Madison,E,33.9459162409876,-118.214163290428
Bushnell Way,E,34.1024234919918,-118.189339757433
South East High,E,33.9442755689876,-118.222330367572
Hope St,E,33.9687752950703,-118.209435740711
Extera Public School,E,34.0449675081648,-118.216750001516
Ararat Charter,N,34.182933821965,-118.424932309753
Camino Nuevo ES 3,W,34.0455576756935,-118.301932203447
Larchmont Chrtr,W,34.0998690115832,-118.333651238048
"North Hollywood HS Zoo, Biology Magnet",N,34.1666615494287,-118.389477607866
Lee Med and Health Sci Mag,E,34.0750559884039,-118.289829857578
Rosewood UP/UD Mag,W,34.0811223077454,-118.374766292661
Fletcher Dr,W,34.1177702312988,-118.240162909873
Glassell Park STEAM Mag,W,34.1048425850301,-118.23576260824
Micheltorena St,W,34.0890972814677,-118.275474092646
Humphreys Ave,E,34.0286821737471,-118.170272432537
Academia Moderna,E,33.9670763857076,-118.229899527786
Alliance College-Ready MS Acad 4,S,33.9476083594738,-118.274046056115
Endeavor College Prep,E,34.0269722907136,-118.219819428786
Equitas Acad Chrtr,W,34.0450329472596,-118.278235054338
PUC Nueva Esperanza Chrtr Acad,N,34.2876338924079,-118.438473437022
Aspire-Tate Acad,S,33.9880341996453,-118.274526630944
Rivera LC Public Service Comm School,S,33.9830506970035,-118.254709569746
Rivera LC Communication and Tech School,S,33.9830506970035,-118.254709569746
Rivera LC Green Design School,S,33.9830506970035,-118.254709569746
Rivera LC Performing Arts Comm School,S,33.9830506970035,-118.254709569746
Rancho Dominguez Prep School,S,33.8329530710932,-118.2151858441
The Science Acad STEM Mag,N,34.1692730311678,-118.371491917031
Garvanza ES T/L Mag,E,34.1177429334452,-118.182942913191
San Pascual Ave STEAM Mag,E,34.1191458187396,-118.17224263246
Meridian EEC,E,34.1210921003527,-118.184645012027
Yorkdale,E,34.1212445126854,-118.194150873299
Queen Anne Pl,W,34.0512679255756,-118.330902093531
Valor Acad Chrtr,N,34.2348054602129,-118.46312612052
Carson-Gore Acad of Env Studies,W,34.0393607922479,-118.319101186673
Estrella,E,33.990254061206,-118.273000538424
Jones,E,34.0138476909202,-118.260346918065
Huerta,E,34.0195554958554,-118.268898497297
Roosevelt Mag High,E,34.0394801489754,-118.20992375163
Secondary CDS,E,34.0339793381961,-118.234328781289
Central High,E,34.0317683457855,-118.253876153421
Stoney Point High,N,34.2520907933875,-118.588320382812
View Park High,S,34.0217596840518,-118.348225125458
Highland Park High,E,34.1172813392135,-118.201119694607
HARTS Acad of LA,S,33.8038215044109,-118.30725895011
Venice High STEMM Mag,W,33.9970588987913,-118.443658819626
Verdugo Hills VAPA,N,34.2616539903068,-118.299325286442
Marvin,W,34.035661685797,-118.364332146444
Cienega,W,34.0314236189948,-118.354192328637
Widney CPTC,S,34.0357840623533,-118.312351556236
24th St,S,34.0357690188936,-118.310477901972
Knox,S,33.9555258060262,-118.274575666599
Wisdom,S,33.9738159251136,-118.255641259993
Baca Arts Acad,S,33.9557580566187,-118.246216696189
Para Los Niños Gratts,E,34.0559491932262,-118.26370611169
Escalante,E,33.9690150768494,-118.18867690985
Aspire Firestone Acad,E,33.9518635018752,-118.190105593486
Rodia High,E,33.9424465513859,-118.223001855492
Einstein High,N,34.2390759606806,-118.479913312431
City of Angels,E,34.0387725670386,-118.186064118239
Grey High,N,34.189956369505,-118.527795068425
Rogers High,N,34.1878510273185,-118.454011883941
Tri-C Comm Day School,E,34.0317683457855,-118.253876153421
Ednovate - South LA College Prep,S,33.9518105411514,-118.287123678008
Historic Central Avenue CoS,E,33.9905978327203,-118.263640414924
Dorris Pl SPS,W,34.0911289912199,-118.238018024524
61st St CSPP,S,33.984392691758,-118.28180964445
153rd St DLC Sp,S,33.8935171184935,-118.305890602634
Los Angeles,W,34.0481899382436,-118.305932954246
Hobart Blvd,W,34.0534965622101,-118.304837812289
Wilton Pl,W,34.0585321455232,-118.315369035643
Cahuenga,W,34.0703635784258,-118.305096218548
Commonwealth Ave,E,34.0699157355555,-118.286260181142
McAlister High,E,34.0660975971764,-118.255895267297
Alta California,N,34.2328259934809,-118.456906541593
Korenstein,N,34.2093911878768,-118.393799657942
Vista del Valle DL Acad,N,34.2955288816645,-118.42168708674
Aspire-Inskeep Acad,S,33.9871590631153,-118.274465259313
Aspire-Slauson Acad,S,33.9871680040849,-118.275016026953
Camino Nuevo Chrtr Acad 4,E,34.0767547410017,-118.265214677609
Acad for Enriched Sci,N,34.1746421294171,-118.515931173091
Animo Legacy Chrtr MS,S,33.9211933766933,-118.306763244926
Chatsworth EEC,N,34.2539758340836,-118.584265806975
Region North Admin Off,N,34.1901590811188,-118.502037455573
Region South Admin Off,S,33.8882859644259,-118.297575931265
Pio Pico Middle,W,34.0456925937256,-118.317105423932
Region West Admin Off,W,34.029196549587,-118.436903906122
Lashon Acad,N,34.2053938807501,-118.459661522672
Lanterman High (Spec),S,34.0315189426899,-118.279104587933
Vermont Ave,S,34.0310605219822,-118.29300530434
Metropolitan High,E,34.0338941561052,-118.234412662648
10th St,E,34.0479425418197,-118.273622870639
Lincoln High,E,34.0747069182745,-118.202308543654
Virgil Middle,E,34.0739086423963,-118.290119223084
Cardenas,N,34.1958878493674,-118.441604722
Mosk,N,34.2039689681594,-118.568499501575
Ambassador School of Global Ed,W,34.0584167136384,-118.2958907297
Torres Renaissance,E,34.0416114399352,-118.175257494282
Torres Eng & Tech,E,34.0416114399352,-118.175257494282
Aggeler CDS,N,34.242237677169,-118.592154058141
Eagle Tree High,S,33.8203954265106,-118.275355734688
Monterey High,E,34.0284522429979,-118.158657033574
Westchester Env Natrl Sci Mag High,W,33.9568386576777,-118.430898766491
Marina Del Rey Middle,W,33.9867042069195,-118.419974590011
Politi,W,34.0515907285693,-118.286478851133
Hooper Ave,E,33.9965425620573,-118.253269235949
Edison Middle,S,33.9804523348745,-118.250926009761
Harrison St,E,34.054250328886,-118.189041164385
White,E,34.0607108852531,-118.279886101666
Rosemont Ave,E,34.0718957098784,-118.270345517884
Alliance Dr. Olga Mohan HS,E,34.0369185317128,-118.272099998829
Alliance Ouchi-O'Donovan Chrtr High,W,33.9937096568577,-118.322664996083
Alliance Stern Math & Sci,E,34.0629575092647,-118.169325290254
Torres Hum/Art/Tech,E,34.0416114399352,-118.175257494282
Torres HS Social & Criminal Justice Mag,E,34.0416114399352,-118.175257494282
Orchard Academies #2B,E,33.9785093392384,-118.200341605135
Orchard Academies #2C,E,33.9785093392384,-118.200341605135
Ambassador School of Global Leadership,W,34.0583690538281,-118.297735289333
Aspire Gateway Acad,E,33.9518635018752,-118.190105593486
Kennedy Community of Schools,W,34.0597333490004,-118.297076365157
Alliance Tajima High,E,34.0635543140734,-118.261444481337
Arts In Action Comm Chrtr,E,34.0322542684828,-118.155076225972
ISANA Cardinal Chrtr,N,34.2039900673868,-118.377754792448
ISANA Palmati Chrtr,N,34.1886620230617,-118.396732127373
Extera Public School,E,34.0421062426836,-118.212820050322
Cochran Middle,W,34.0419387261182,-118.327167667972
Norwood St,S,34.0353047726493,-118.278187769641
Sheridan St,E,34.0494979603927,-118.207961973817
Lashon Acad,N,34.2063978737917,-118.457647491514
Jefferson/South Central West CoS,E,33.9905978327203,-118.263640414924
KIPP Ignite Acad,S,33.9636780879892,-118.256170441963
PUC Excel Academy,E,34.0667063883159,-118.220161616107
California Creative Lrng Acad,W,34.1106913106814,-118.245367839181
New Heights,S,34.0105278811178,-118.31767106896
Magnolia Science Acad Bell,E,33.978955077376,-118.199605424628
San Fernando Institute of Applied Media,N,34.282599709849,-118.43658128761
Sci Tech Eng Med at Bernstein High,W,34.0958976916695,-118.31467838372
LA Leadership Pri Acad,E,34.0784102959138,-118.211699612181
Valley Chrtr Middle,N,34.1971268112208,-118.448477880546
ISANA Nascent Chrtr,S,34.0063390655752,-118.32159743152
Vista MEGA Mag,N,34.2200608252712,-118.460625838339
Bassett St Media Arts/Tech Mag,N,34.1954036606047,-118.477536605638
Beethoven St,W,34.0022277579813,-118.443764558854
Canoga Park MS Media Arts/Comm Mag,N,34.2116069717164,-118.612046025358
Venice High,W,33.9970588987913,-118.443658819626
New Village Girls Acad,E,34.071449805806,-118.279443193359
Walgrove Ave,W,34.0064337046597,-118.450993431234
Stoner Ave,W,33.995590307005,-118.413474083048
2nd St,E,34.0448840624096,-118.217485281107
Breed St,E,34.0420691445161,-118.213288980164
Roosevelt High,E,34.0381366243278,-118.210319759781
Soto St,E,34.0314918285274,-118.216300642576
Sunrise,E,34.0298098967939,-118.209882430052
Euclid Ave,E,34.0310700086891,-118.206195448144
Nestle Ave Chrtr,N,34.1619228127525,-118.530062180686
Perez Spec Ed Ctr,E,34.0379588202729,-118.168104355004
Grand View Blvd,W,34.0021038835828,-118.430158131419
McBride Spec Ed Ctr,W,34.0015036934617,-118.43117378201
Charnock Rd,W,34.0180531165768,-118.420205040918
Hoover St,W,34.0565105382303,-118.28540491342
Ivanhoe,W,34.1086578056441,-118.266807546617
Logan Acad,E,34.0794955663329,-118.257580542276
Lockwood Ave,W,34.0891930863413,-118.288027190953
Dayton Heights,W,34.0825548908608,-118.288707702237
Elysian Heights Arts Mag,W,34.0885028335883,-118.249478173211
Pinewood Ave,N,34.253231811587,-118.285184147551
Sierra Park,E,34.0816188208346,-118.169196915442
Weigand Ave,S,33.9417014486054,-118.230181990361
Plasencia,E,34.0657522478694,-118.256121402142
Belvedere Middle,E,34.0393418357994,-118.181081205733
Belvedere,E,34.0350401417942,-118.186416771872
Marianna Ave,E,34.0356831015109,-118.175175444096
Lillian St,E,33.985921630256,-118.240511597196
Nightingale Middle,E,34.087716685298,-118.219110022059
University Chrtr High,W,34.0449343239842,-118.459370193318
Esperanza,E,34.0549929281919,-118.271849879093
Woodland Hills Acad,N,34.1705436177943,-118.586755018716
Tarzana,N,34.1759776934035,-118.545366662292
Portola Chrtr Middle,N,34.1661497110745,-118.542851607329
Wilbur Chrtr for Enriched Acad,N,34.1646445198109,-118.544793310323
Emelita St,N,34.1770317674515,-118.524179044347
Middleton St,E,33.9803922810596,-118.228391592138
Florence Ave,E,33.9738239441915,-118.23880394585
Dena,E,34.0218438065688,-118.210552758248
El Sereno Middle,E,34.0796107333246,-118.179646213085
Palisades Chrtr High,W,34.0469129287866,-118.531476606841
Downtown Bus Mag High,E,34.0608057318516,-118.254549052996
Fairburn Ave,W,34.0588181632804,-118.431569181521
Emerson Comm Chrtr Middle,W,34.0539528635802,-118.435659341099
Overland Ave,W,34.0380889380875,-118.420717955712
Canfield Ave,W,34.0506561911824,-118.390349930281
Hamilton High,W,34.0341368994904,-118.391659944687
Shenandoah St,W,34.038552727382,-118.384231505512
54th St,W,33.9920096728947,-118.343436905922
Mann UCLA Comm School,S,33.9765901374886,-118.31222134952
East Los Angeles Skills Ctr,E,34.0687167304677,-118.198023550358
Nueva Vista,E,33.9804822156285,-118.188769448867
Amestoy,S,33.8956606589156,-118.29319602552
Crescent Heights Mag,W,34.0473505691415,-118.374469563513
Los Angeles Ctr for Enriched Studies,W,34.044422237831,-118.371230693652
Saturn St,W,34.0462418762062,-118.356526230461
Carthay ES of Env Studies Mag,W,34.0595455510652,-118.369131473315
Hancock Park,W,34.0695123247966,-118.360211523947
Wilshire Crest,W,34.0580308820798,-118.343760285597
Burroughs Middle,W,34.0635749503099,-118.336137684844
Encino Chrtr,N,34.1623582642638,-118.502107567662
Kester Ave,N,34.167663394287,-118.4583499531
Elizabeth Lrng Ctr,E,33.9640912198657,-118.184026436754
Watts Lrng Ctr,S,33.9499854797472,-118.278803796887
BTB Stu Aux Svc Sec,E,34.0515783296546,-118.233778383144
Los Angeles High,W,34.0551570043949,-118.332903759011
Wilson High,E,34.0687902054101,-118.186831693678
East Los Angeles Occup Ctr,E,34.0552548258623,-118.205155408292
Bridge St,E,34.0528451624352,-118.216981692408
Lanai Rd,N,34.1490715127169,-118.493138038143
Chandler,N,34.1657744741857,-118.438555308987
Grant High,N,34.177507539896,-118.4163912387
Burbank Blvd,N,34.171284465865,-118.399322120102
Riordan PC,E,34.1113191441177,-118.196427280267
Marshall High,W,34.1089740641798,-118.277052375875
MacArthur Park School Visual and Perf Arts,E,34.0572051701342,-118.279692628957
Parks/Huerta EEC,S,33.9880589428415,-118.292125805957
Peary Middle,S,33.8828835822025,-118.301307994596
122nd St,S,33.921928696819,-118.267998041535
Meyler St,S,33.8253646927681,-118.295902226105
Wilmington Middle STEAM,S,33.7976210537745,-118.272832289716
Broad Ave,S,33.8015055776435,-118.262776266909
Reed Middle,N,34.1526123924945,-118.386642997101
Carpenter Comm Chrtr,N,34.1412645482263,-118.392898865253
Riverside Dr Chrtr,N,34.1586583924262,-118.41729784129
Lorena St,E,34.0255836369784,-118.203412028705
Malabar St,E,34.0441835133865,-118.19438039187
Mid-City Prescott Mag,W,34.0318227651812,-118.318273020187
Newcastle,N,34.1895625733763,-118.524383827865
Garfield High,E,34.0269349025375,-118.157801147856
King/Drew Medical Mag High,S,33.9245917534918,-118.245517238344
Open Mag Chrtr,W,33.9684471520946,-118.378057190701
Fleming Middle,S,33.7922388300709,-118.31336816248
Bandini St,S,33.7463647687604,-118.300024934054
Crestwood St STEAM Mag,S,33.7490916131691,-118.312456943043
San Pedro High,S,33.729915585087,-118.298620196262
Wonderland Ave,W,34.113928276009,-118.380064301182
West Hollywood,W,34.0891068539703,-118.38688675071
Dixie Canyon Comm Chrtr,N,34.1481541575488,-118.423967943869
Lankershim,N,34.1658475873263,-118.376405257231
Toluca Lake,N,34.1595695260811,-118.36054018429
Oxnard St,N,34.178591906168,-118.368499806442
6th Ave,W,34.0266254768233,-118.324172710326
Warner Ave,W,34.0695338005899,-118.433782511048
Sterry,W,34.0443393602263,-118.447322627523
Clover Ave,W,34.0265388511984,-118.424739602955
Palms Middle,W,34.0220946816408,-118.415347065116
Castle Heights,W,34.0384865596764,-118.398353636528
Los Angeles Tech Ctr,W,34.0401852927199,-118.325549542039
Primary Academy for Success,N,34.2352187101341,-118.455796594932
Paseo Del Rey Acad,W,33.9570019104655,-118.434073043533
Community Mag Chrtr,W,34.0818443705819,-118.462233052808
Lake Balboa Col Prep Mag,N,34.1930044054414,-118.501906492894
Gardner St,W,34.0993891106627,-118.352176248043
Selma Ave,W,34.1002012994845,-118.334631812421
Cheremoya Ave,W,34.1057124750266,-118.320841261429
Grant,W,34.0999492713168,-118.31248145657
Van Ness Ave,W,34.0803689257006,-118.316431235837
Eagle Rock,E,34.1363149412042,-118.212547046413
Rockdale VAPA Mag,E,34.1337186777168,-118.194117833194
Dahlia Heights,E,34.1389551127748,-118.199246482463
Valley View,W,34.1256094642321,-118.345526033739
Le Conte Middle,W,34.094867423675,-118.316884791275
Alexandria Ave,E,34.0783668820902,-118.298812568312
Evans Adult,E,34.0636538629118,-118.246194389714
Castelar St,E,34.0640362956195,-118.239656196618
PUC Community Chrtr Middle,N,34.2799487053341,-118.382181939563
Northridge Academy High,N,34.2452216780427,-118.52400331303
CHIME Inst Schwarzenegger Comm,N,34.1657190382549,-118.563002560852
Multicultural Lrng Ctr,N,34.2067960164875,-118.588268846796
Brooklyn School,E,34.0399119371985,-118.165942203081
Dorris Pl,W,34.0911289912199,-118.238018024524
Arroyo Seco Mus/S Mag,E,34.10200069833,-118.204152785273
Latona Ave,E,34.0917797098547,-118.202312099378
Laurel CACT Mag,W,34.0880033111729,-118.363297401263
Ann St,E,34.0645721275634,-118.23059654737
Albion St,E,34.0693277035473,-118.220270645812
Webster Middle,W,34.0280974550669,-118.434469117961
Arlington Heights,W,34.0414207233319,-118.325467041658
Lane,E,34.0396525615327,-118.152406896962
4th St,E,34.0280096516585,-118.153321369284
Griffith MS STEAM Mag,E,34.0321345384955,-118.161659828247
Playa Del Rey,W,33.9828575409269,-118.409897431103
Cowan Ave,W,33.9726498971627,-118.406157294832
Wright Eng Des Mag,W,33.9677173922429,-118.40398868935
San Pedro St,E,34.0289234302224,-118.257610470049
Virginia Rd,W,34.0285279833668,-118.339977420328
3rd St,W,34.0700084552056,-118.335342262542
Venice Skills Center,W,33.9959291193815,-118.47269984985
Broadway,W,33.9970752430515,-118.46226702783
Coeur D'Alene Ave,W,33.9896657980721,-118.453108743686
Glenfeliz Blvd,W,34.1228184237414,-118.266936773964
Kentwood,W,33.9622603969739,-118.404957251589
Westport Heights,W,33.9670547143805,-118.388493530684
Loyola Villg FPA Mag,W,33.9575549612691,-118.421107962324
Friedman Occup Ctr,E,34.0351001262496,-118.266173902001
9th St,E,34.0360877366351,-118.247690261065
Utah St,E,34.0492681501703,-118.224593409137
Gratts Lrng Acad for Young Scholars,E,34.058141920347,-118.262804909604
Region East Admin Off,E,34.0693992325503,-118.196149355218
Atwater Ave,W,34.1150658363587,-118.25450128524
Irving AMME Mag,W,34.116489183343,-118.241598191354
Loreto St,E,34.0864490701553,-118.216595542841
Mar Vista,W,34.0163919830946,-118.434197911543
Short Ave,W,33.9899616634498,-118.432092325557
Marlton School,W,34.0087365876847,-118.343832710764
Bright,W,34.0232509433544,-118.3108924337
Berendo Middle,W,34.0500207948945,-118.295088997594
Magnolia Ave,W,34.0436408482522,-118.287441738673
Salvin Spec Ed Ctr,S,34.0387666265825,-118.296872753257
Griffin Ave,E,34.0683640566742,-118.212334319376
Multnomah St,E,34.0680750068115,-118.193602643556
Farmdale,E,34.0776171918636,-118.179377776566
El Sereno,E,34.0901002019409,-118.177065722274
Braddock Dr,W,33.9927165657044,-118.415905702453
Delevan Dr,E,34.1283323486553,-118.226822570546
Buchanan St,E,34.119087943902,-118.20647172425
Franklin High,E,34.1158673500982,-118.198683127648
Toland Way,E,34.1213165338931,-118.217518662506
Mount Washington,E,34.1046863317683,-118.216347107218
Baldwin Hills,W,34.0226364771529,-118.365491176271
Sierra Vista,E,34.0958500221454,-118.158871094221
Aldama,E,34.1099671998992,-118.207163135168
Burbank MS A/T/C Mag,E,34.1189567731642,-118.182426762187
Huntington Dr,E,34.0827180838208,-118.191850410578
Bravo Med Mag High,E,34.05781231215,-118.203269648352
Hollenbeck Middle,E,34.0360200780565,-118.212093952045
Palms,W,34.0260803211764,-118.407544569061
Eastman Ave,E,34.0177218041994,-118.18553878109
Ford Blvd,E,34.0202806956606,-118.171411794682
Nimitz Middle,E,33.986109347933,-118.197963293662
Fishburn Ave,E,33.9891596407548,-118.190878245225
Hillside,E,34.0849809577129,-118.212393759825
Mack,S,34.0262058050027,-118.293203369174
Parks Lrng Ctr,N,34.2304854071947,-118.46167921677
Chavez,E,34.0889137391425,-118.168463012576
Panorama High,N,34.2169925246264,-118.451032103466
Jones PC,S,34.001134036821,-118.292107548772
Obama Global Prep Acad STEAM Mag,S,34.0011887680168,-118.310136687401
Washington STEAM Mag,S,33.936873392766,-118.302494948103
Harmony DLC Sp,E,34.007089518463,-118.259512991965
Normandie Ave DLC,S,34.002908114332,-118.299071804318
28th St DLC Sp,E,34.0189746289968,-118.261772774897
Miramonte DLC Sp,S,33.9775406893745,-118.249690351177
93rd St DLC Sp,S,33.9510891626507,-118.268293866661
Alta Loma DLC Sp,W,34.043145795783,-118.340118990211
Cimarron Ave STEAM Mag,S,33.9291065525942,-118.315987159351
Hillcrest Dr Music Mag,S,34.014090061505,-118.348298313773
Gage STM Mag,E,33.9803204667588,-118.217367002081
Flournoy STEAM Mag,S,33.9339094642855,-118.245283723022
Camellia DTS,N,34.2057978964119,-118.382726385596
Limerick Ave DLC Sp,N,34.2254990192897,-118.582186826854
75th St DLC Sp,S,33.9713023874242,-118.276387263883
Hillcrest Dr DL Sp,S,34.014090061505,-118.348298313773
La Salle Ave DLC Sp,S,33.9576941570534,-118.306279622999
Sheridan St DLC Sp,E,34.0494979603927,-118.207961973817
Santana Arts Acad DLC,N,34.2396547120378,-118.465567530086
Manual Arts VAPA Mag,S,34.008790269375,-118.292850710716
White VA Mag,E,34.0607108852531,-118.279886101666
Fremont STEAM Mag,S,33.9694389877568,-118.26679779186
Griffith-Joyner VAPA Mag,S,33.9437174656959,-118.237899410918
Bancroft GSTEAM Mag,W,34.0879926620476,-118.33744344438
Dorsey FEMS Mag,S,34.0228612776493,-118.348085446942
Panorama GSTEAM Mag,N,34.2169925246264,-118.451032103466
Sepulveda KSM Mag,N,34.2410773997984,-118.466059043259
"King Jr., Martin Luther DLC Sp",S,34.0119096554993,-118.308336943689
Trinity St DLC Sp,E,34.0127598674264,-118.268644148956
Hooper Ave DLC Sp,E,33.9965425620573,-118.253269235949
Canyon Chrtr,W,34.0315642913141,-118.512041001624
Kenter Canyon Chrtr,W,34.0700450808972,-118.488609683617
Marquez Chrtr,W,34.0458009033224,-118.547491557478
Pacific Palisades Chrtr,W,34.0455841489664,-118.526896551537
Revere Chrtr Middle,W,34.0547275776776,-118.494461731859
Southeast DREAMS Mag,E,33.9453503407159,-118.227119741949
Haddon Ave STEAM Mag,N,34.2533308582277,-118.421788427652
Panorama Soc Just/Ldrshp Mag,N,34.2169925246264,-118.451032103466
Markham VAPA Mag,S,33.9397248137204,-118.244984791016
Flournoy DLC Sp,S,33.9339094642855,-118.245283723022
Hawkins High C/DAGS,S,33.9870406943809,-118.288348280745
Jordan VAPA Mag,S,33.945197654908,-118.231347346853
Northridge LA Mag,N,34.223301511051,-118.52531981648
Dorsey SM/L Mag,S,34.0228612776493,-118.348085446942
Los Angeles Academy STEAM Mag,E,33.9905978327203,-118.263640414924
Panorama SMIT Mag,N,34.2169925246264,-118.451032103466
Dorsey STM Mag,S,34.0228612776493,-118.348085446942
San Pedro GSTEAM Mag,S,33.7177583335732,-118.299255591977
Markham HC Mag,S,33.9397248137204,-118.244984791016
LaMotte DTS,S,34.0028606849943,-118.288432532521
Sun Valley BSEL Mag,N,34.2039900673868,-118.377754792448
Sherman Oaks Chrtr,N,34.1501761801593,-118.455493168889
Armstrong Middle,N,34.1636782019921,-118.428379227307
Taft Chrtr High,N,34.1686608464973,-118.573181061552
Bushnell Way DTS,E,34.1024234919918,-118.189339757433
Harrison DLC Sp,E,34.054250328886,-118.189041164385
Main St DLC Sp,E,33.9947141739132,-118.272729469378
Mack DLC Sp,S,34.0262058050027,-118.293203369174
San Pedro VAPA Mag,S,33.7177583335732,-118.299255591977
42nd St DWS,S,34.0063058573519,-118.3219592594
Napa St DLC Sp,N,34.2255942948434,-118.54745543459
Sun Valley ES Mag,N,34.2039900673868,-118.377754792448
Invictus Lrdsp Acad,S,33.998780607416,-118.308873404803
CWC Sch West Valley,N,34.2142485048099,-118.571256822033
Equitas Acad 5,W,34.0447003142714,-118.277488209764
Equitas Acad 6,W,34.0447003142714,-118.277488209764
AE Virtual Acad,E,34.0563432351408,-118.257410886557
Larchmont Chrtr,W,34.0619208364465,-118.33696156292
Hesby Oaks Leadership Chrtr,N,34.1612858551777,-118.473025566877
Serrania Ave Chrtr for Enriched Studies,N,34.1606005254774,-118.587380879969
Topanga Chrtr,W,34.0929375439094,-118.605098501866
Birmingham Comm Chrtr High,N,34.1892599630662,-118.504606637452
Jordan High,S,33.945197654908,-118.231347346853
Bancroft Middle,W,34.0879926620476,-118.33744344438
Aragon Ave,W,34.09483242652,-118.225543860434
Murchison St,E,34.0601712174803,-118.196005873313
Bradley Glbl Awr Mag,S,34.0153678137314,-118.323022442542
"King Jr., Martin Luther",S,34.0119096554993,-118.308336943689
Westchester Gifted/STEAM Mag,W,33.9563231020725,-118.428970538665
Richland Ave,W,34.027732999331,-118.439372288493
Westwood Chrtr,W,34.0470811829524,-118.430271689251
Western Ave TECH Mag,S,33.9936850288486,-118.307153270214
42nd St,S,34.0063058573519,-118.3219592594
Normandie Ave,S,34.002908114332,-118.299071804318
59th St,S,33.9863960290301,-118.320116466064
YES Academy,S,33.9801943387918,-118.327988224365
Audubon Middle,S,34.0097037794704,-118.328319622866
The Accelerated,E,34.0150113192576,-118.273263702644
London CDS,N,34.1760267100786,-118.415203340085
Citizens of the World Chrtr Mar Vista,W,34.0319250848005,-118.442488527927
Citizens of the World Chrtr Mar Vista,W,34.0298222429076,-118.435434896832
The Accelerated,E,34.0108190941872,-118.273732610043
Obama Global Prep Acad,S,34.0011887680168,-118.310136687401
Santana Arts Acad,N,34.2396547120378,-118.465567530086
Angelou Community High School,E,33.9940798961656,-118.26642917874
Ride SMART Acad,E,34.0023504425564,-118.257291623913
Weemes,S,34.0214266382177,-118.295957784553
Manual Arts High,S,34.008790269375,-118.292850710716
52nd St,S,33.9958801650124,-118.288433208586
Budlong Ave,S,33.9867327866009,-118.295098120465
Muir Middle,S,33.9867244462349,-118.293068178724
Bethune Middle,S,33.9782424096203,-118.276096917462
Citizens of the World Chrtr Silver Lake,E,34.0741302270448,-118.291492386868
Early College Acad,E,34.0330305902977,-118.270048862683
Citizens of the World Chrtr Mar Vista,W,34.0331492357764,-118.442446134671
Citizens of the World Chrtr Silver Lake,E,34.0693461587928,-118.275548015562
LaMotte,S,34.0028606849943,-118.288432532521
"Lawson Acad of Arts, Math & Sci",S,33.9777088089152,-118.290387804646
Hawkins High,S,33.9870406943809,-118.288348280745
Solis Lrng Acad,E,34.0393974115764,-118.171675614631
Main St,E,33.9947141739132,-118.272729469378
49th St,E,33.9981323185535,-118.262333446291
Carver Middle,E,34.0029092690377,-118.260116337814
Trinity St,E,34.0127598674264,-118.268644148956
El Camino Real Chrtr High,N,34.2048653773888,-118.614897435054
Granada Hills Chrtr High,N,34.2615252539199,-118.523638053417
Granada Hills Chrtr High,N,34.258477060842,-118.505744124354
Marina Del Rey PA Mag,W,33.9867042069195,-118.419974590011
El Camino Real Chrtr High,N,34.1707896590572,-118.64268598772
Ararat Charter,N,34.1899483108574,-118.446424070756
Dymally High,S,33.9573346584289,-118.26732773581
School for Soc Just,E,34.0576801920555,-118.261807961061
Nevin Ave,E,34.0128173845324,-118.246978753235
Jefferson High,E,34.0110847843881,-118.250920426143
Holmes Ave,E,33.9958321244707,-118.240180539113
Columbus Ave,N,34.1932495368507,-118.463355850836
Southeast Middle,E,33.9453503407159,-118.227119741949
Gage Middle,E,33.9803204667588,-118.217367002081
KIPP Scholar Acad,S,33.9839846745223,-118.286875115993
93rd St STEAM Mag,S,33.9510891626507,-118.268293866661
Drew Gifted Mag,S,33.9620965498171,-118.250087827979
Bethune CACT Mag,S,33.9782424096203,-118.276096917462
La Salle Ave,S,33.9576941570534,-118.306279622999
Manhattan Pl,S,33.9485911224555,-118.310921114745
Century Park,S,33.9364782160609,-118.319826775232
Washington Prep High,S,33.936873392766,-118.302494948103
Cimarron Ave,S,33.9291065525942,-118.315987159351
Harte Prep Middle,S,33.9514976896732,-118.288082776581
32nd St Mag,S,34.0242069372894,-118.282687997187
Crete Acad,S,34.0110268850493,-118.309976723736
Ivy Academia,N,34.1789288608563,-118.614921123704
KIPP Pueblo Unido,E,33.9907307215742,-118.196486768836
KIPP Pueblo Unido,E,33.990808520076,-118.223587854446
Global Education Academy,S,34.0083628498721,-118.291737291276
Northridge MHC Mag,N,34.223301511051,-118.52531981648
Dymally BSR Mag,S,33.9573346584289,-118.26732773581
Audubon Gifted Mag,S,34.0097037794704,-118.328319622866
95th St,S,33.9491978707325,-118.294427993793
Woodcrest,S,33.9378681049615,-118.295172130391
West Athens,S,33.9243931983607,-118.293985805954
75th St,S,33.9713023874242,-118.276387263883
Fremont High,S,33.9694389877568,-118.26679779186
Mendez High,E,34.0482030211491,-118.226621467182
Bancroft PA Mag,W,34.0879926620476,-118.33744344438
KIPP Generations Acad,S,33.8828641958498,-118.301460186256
Van Nuys STEAM Mag,N,34.1690790537066,-118.452218280441
Muir STM Mag,S,33.9867244462349,-118.293068178724
McKinley Ave,S,33.967969407687,-118.259679638281
93rd St,S,33.9510891626507,-118.268293866661
107th St,S,33.9401938232548,-118.272498557216
109th St,S,33.9368496693093,-118.261895211026
Gompers Middle,S,33.9320236576334,-118.271596294211
Griffith-Joyner,S,33.9437174656959,-118.237899410918
Gompers STEAM Mag,S,33.9320236576334,-118.271596294211
Sepulveda Gifted Mag,N,34.2410773997984,-118.466059043259
107th St STEAM Mag,S,33.9401938232548,-118.272498557216
Compton Ave,S,33.9420620951581,-118.246948670418
Markham Middle,S,33.9397248137204,-118.244984791016
112th St,S,33.9336127524953,-118.252776795824
Flournoy,S,33.9339094642855,-118.245283723022
Grape St,S,33.9338404096987,-118.237689609057
Crenshaw STEMM Mag,S,33.9966452756709,-118.327620201394
Denker Ave,S,33.8828837029721,-118.305735320032
135th St,S,33.9096724178452,-118.289497632408
Avalon Gardens,S,33.9049752466819,-118.268547696486
Banneker Spec Ed Ctr,S,33.9041054254175,-118.26850418335
156th St,S,33.8887641401698,-118.316555272976
Gardena,S,33.8822868857752,-118.286610994081
Ramona High (Opp),E,34.0338170375121,-118.191120029687
Stevenson Col & Career Prep MS,E,34.0270851537075,-118.19361925755
Rowan Ave,E,34.0286364846505,-118.186788079723
Evergreen Ave,E,34.0518655432238,-118.19725706628
Ascot Ave,E,34.003402280418,-118.249049997626
Vernon City,E,34.0034683531847,-118.230964529901
Belmont High,E,34.0620528162819,-118.262984549897
Hollywood High,W,34.0991841531083,-118.340049111252
Van Nuys High,N,34.1892633299493,-118.455197861851
Huntington Park High,E,33.986506164923,-118.218254090746
Kennedy,E,34.0533527590263,-118.177747167239
Catskill Ave,S,33.8119332268713,-118.270382631693
Banning High,S,33.7936065395161,-118.262015701876
Fries Ave,S,33.7887992014491,-118.266197604206
Gulf Ave,S,33.7854959121181,-118.272760364707
Hawaiian Ave,S,33.7756160775471,-118.275833765984
Wilmington Park,S,33.7860576666816,-118.245757468509
Animo Venice Chrtr HS,W,33.9971405964153,-118.463353203634
Animo South LA Chrtr HS,S,33.9330147043755,-118.308295380865
Alliance GRM Academy High,S,34.0366010061174,-118.283120312012
CATCH Prep Chrtr High Inc,S,34.0093844144952,-118.329446073219
Roberti EEC,E,34.0036818364186,-118.25532684328
Hamasaki Mag,E,34.0376789169573,-118.159919192962
LA Leadership Academy,E,34.0832358844556,-118.210600410555
LA Leadership Academy,E,34.0784102930556,-118.211699634958
ICEF View Pk Prep Acc HS,W,33.9905966393406,-118.331162060185
New Designs Chrtr,S,34.0309410185834,-118.275176895375
Lincoln ESP Mag,E,34.0750074200591,-118.204045248986
Chase St EEC,N,34.2272227372759,-118.439315287833
Camino Nuevo ES 3,S,34.0394924789098,-118.295428354072
New Heights,S,34.0113441808262,-118.30798349454
Vista Chrtr Middle,E,34.0740015536997,-118.278680005813
Porter Ranch Comm School,N,34.2932053643269,-118.581605823573
Obama,N,34.2188528456912,-118.452820496547
Canyon Creek,,34.6418641917454,-118.496300698965
M & O Proj. Unit South,S,33.979776669272,-118.328047306175
M & O Proj. Unit North,N,34.1917638511293,-118.501924641482
M & O Proj. Unit Central,E,34.0271723285331,-118.245217785668
Gardner St AI Mag,W,34.0993891106627,-118.352176248043
Central City Value,E,34.0751671678839,-118.2880596936
Camino Nuevo Chrtr Acad,E,34.0562803042627,-118.272821709451
Alliance Neuwirth Ldrshp Acad,E,34.0015591971534,-118.273620037402
Alliance Skirball Middle,S,33.9302116089972,-118.264828820125
Animo Jefferson,E,34.012399826496,-118.243696785318
Aspire Pacific College Prep Acad,E,33.9903823482197,-118.22615279313
Camino Nuevo Acad 2,E,34.0686672327448,-118.28954898524
ISANA Octavia,W,34.1168434537536,-118.240250589809
Sylmar Leadership Acad Span,N,34.3185035459853,-118.449401428574
Playa Vista,W,33.9683946930084,-118.424520160397
Roybal-Allard,E,33.9754040549464,-118.209501312122
Willow,E,33.9552462978956,-118.222013584043
Lashon Acad City,W,34.0261646186273,-118.323733036839
Westbrook Why Not? Middle,S,34.0016295808686,-118.309212930177
Valerio St DTS,N,34.2053938807501,-118.459661522672
Crete Acad,S,33.9844629547278,-118.331061373708
Gabriella Chrtr 2,E,34.0052037108227,-118.280381617471
Girls Althletic Ldrshp Sch Los Angeles,N,34.2056794660317,-118.442416715212
Global Education Academy,S,34.0083258958351,-118.282931363283
"Ivy Bound Math, Sci & Tech",N,34.160890073818,-118.468281746403
Romero Chrtr Middle,W,34.0508555279468,-118.293720801506
Magnolia Sci Acad 3,S,33.8512476010062,-118.250491499259
ICEF Vista Middle Acad,W,33.9945842621444,-118.418828379288
Citizens of the World Hollywood,W,34.0949141906529,-118.31782754178
Alliance Simon Tech Acad High,S,33.9384742595635,-118.238904008871
Alliance Virgil Roberts Leadership Acad,S,33.9765908340455,-118.32504723601
Crown Prep Acad,S,34.0348609200921,-118.310490423128
Valley Charter Elementary,N,34.2355310245074,-118.492643147237
Magnolia Science Academy 7,N,34.220934929801,-118.533307196833
Marquez High HPIAM,E,33.9827918491322,-118.234065179723
"Moore Math, Sci and Tech Acad",S,33.9847920827906,-118.250765181836
Van Gogh St Chrtr,N,34.3049554845997,-118.505800876175
El Oro Way for Enriched Studies,N,34.2926934350988,-118.503828463403
Frost Middle,N,34.2947040217211,-118.510828179746
Knollwood Prep Acad,N,34.285302783957,-118.492490793484
Osceola St,N,34.289897249508,-118.456177728528
El Dorado Ave,N,34.3007716856278,-118.466272667849
Animo Watts College Prep Acad,S,33.9179633192294,-118.26487840942
Camino Nuevo Chrtr Acad,E,34.055233664325,-118.273440141201
Magnolia Science Academy 6,W,34.0586320531382,-118.314418568412
TEACH Academy of Technologies,S,33.9440533060109,-118.309220548037
Watts Learning Center Charter MS,S,33.9572458644784,-118.269343554577
KIPP Comienza Community,E,33.981466212154,-118.223610995182
Bridges Span School,S,33.7877898109665,-118.262294499505
4th St EEC,E,34.0277375468049,-118.15312900239
Walnut Park Middle Prep for STEM,E,33.9716194882821,-118.230876618941
Herrick Ave,N,34.3150841584038,-118.464318098535
Sylmar,N,34.3117733570166,-118.447033435792
Hubbard St,N,34.3141477996874,-118.424471270739
Harding St,N,34.3049682849046,-118.416862409925
Gridley St,N,34.3027484423011,-118.429103021962
Fenton Ave,N,34.2807854129276,-118.390790729477
New Designs - Watts,S,33.9171388906385,-118.264883666581
Alliance Piera Barbaglia Shaheen Health,S,33.9608109043799,-118.294233490762
Alliance Morgan McKinzie High,E,34.0358075206437,-118.187854702161
Alliance Leichtman-Levine FFES High,W,34.1139528274228,-118.246797311772
Larchmont Chrtr,W,34.0935580892702,-118.362000877961
Stella Academy Chrtr,S,34.0167950678131,-118.344286462278
Marquez High LIBRA Acad,E,33.9827918491322,-118.234065179723
Marquez High Sch of Soc Justice,E,33.9827918491322,-118.234065179723
Legacy Senior High STEAM,E,33.941501797601,-118.177669954048
Legacy Senior High VAPA,E,33.941501797601,-118.177669954048
Broadous,N,34.2832645996292,-118.408525444371
Morningside,N,34.2877639502591,-118.433505321195
San Fernando Middle,N,34.282599709849,-118.43658128761
San Fernando,N,34.279410987684,-118.448247331538
O'Melveny,N,34.2752139114211,-118.445485590792
Chatsworth Park UP/CD Mag,N,34.2581605872847,-118.607031605396
Valley Acad of Arts and Sci,N,34.2598006947411,-118.503672329818
"Chavez LA - Arts, Theatre, Entertainment",N,34.2895243349664,-118.42180240829
Chavez LA - Social Justice Humanitas,N,34.2895243349664,-118.42180240829
San Pedro CAS EEC,S,33.7452463476288,-118.297501301641
Alliance Smidt Tech,E,34.0721304021612,-118.219969061174
Alliance Renee and Meyer Luskin High,S,33.9764873111661,-118.325409426835
Lawrence Middle,N,34.2534141692113,-118.591845074749
Germain Acad for Academic Achievement,N,34.2618943741872,-118.585204699057
Superior St,N,34.2473874477942,-118.574547718021
Beckford Chrtr for Enriched Studies,N,34.2670773293734,-118.549100758771
Topeka Dr Chrtr,N,34.2478610965535,-118.546633903271
Darby Ave,N,34.266404816505,-118.532668601571
New Los Angeles Chrtr,W,34.0407791495544,-118.357966772806
New Millennium Secondary School,S,33.8662416951486,-118.29877279748
Para Los Niños MS,E,34.0360847145693,-118.247358048684
Synergy Kinetics Acad,E,34.0153585927639,-118.248200052927
Goethe International Chrtr,W,33.9874700790143,-118.421823665479
Chavez LA - Acad of Scientific Exploration,N,34.2895243349664,-118.42180240829
Sotomayor Arts & Sci Mag,W,34.1028742867388,-118.239418628421
PUC Early College Acad for Ldrs & Scholars,W,34.1024947434029,-118.238576934236
KIPP Philosophers Acad,S,33.9443204321898,-118.236798872187
KIPP Sol Acad,E,34.0400841585105,-118.161074597568
Calahan St,N,34.2373712814783,-118.541459255179
Porter Middle,N,34.2623978411535,-118.479954985311
Haskell STEAM Mag,N,34.2674362359032,-118.478198243307
Tulsa St,N,34.2692590392284,-118.492438187593
Danube Ave,N,34.2739284790143,-118.473965382856
Granada,N,34.2666533332574,-118.507818154571
ICEF Vista Acad,W,33.9945842621444,-118.418828379288
Locke College Prep Acad High,S,33.934899339687,-118.268661182592
Alliance Tennenbaum Family Tech High,W,34.1024947434029,-118.238576934236
Nava Lrng Acad,E,34.0148810795007,-118.24852356254
Synergy Quantum Acad,E,33.9937472532447,-118.267543000413
Rise Kohyang Middle,E,34.0625736601031,-118.282219496089
Ednovate - USC Hybrid Col Prep,S,34.0136159789915,-118.291714703719
Sylmar BHE Mag,N,34.3074598650697,-118.442922127766
Acad of Med Arts at Carson High,S,33.8221846979656,-118.274019886379
Carson Acad Ed and Emp,S,33.8221846979656,-118.274019886379
Henry Middle,N,34.2595591431268,-118.512159638221
Rio Vista,N,34.147506060544,-118.367807541452
Carlson Hospital School,N,34.1477552134621,-118.36882511446
Eagle Rock High,E,34.1317549953358,-118.205077291626
Annandale,E,34.1287765549365,-118.186470776118
Melrose Ave Mag,W,34.0844705179377,-118.345717098806
Magnolia Science Acad 4,W,34.0298222426515,-118.435434896831
ICEF View Pk Prep Cht MS,W,33.9944934400284,-118.331152889151
Anton,E,34.0465867067434,-118.181787537502
Northridge Middle,N,34.223301511051,-118.52531981648
Valerio St,N,34.2053938807501,-118.459661522672
Camellia Ave,N,34.2057978964119,-118.382726385596
Van Nuys Middle,N,34.1690790537066,-118.452218280441
Ramona,W,34.0916472863509,-118.300012348721
Alta Loma,W,34.043145795783,-118.340118990211
Fullbright Ave CSPP,N,34.1965223997534,-118.576261850917
Calvert SPS,N,34.1818506950049,-118.565022303122
Stagg St SPS,N,34.212977966462,-118.506606441947
Gault St CSPP,N,34.1985333655814,-118.504581553489
Valerio St CSPP,N,34.2053938807501,-118.459661522672
Hazeltine Ave CSPP,N,34.2006177630728,-118.439227896474
Saticoy CSPP,N,34.2130091510821,-118.41554138922
Strathern St CSPP,N,34.214958897289,-118.400903456169
Kittridge St CSPP,N,34.1915872146972,-118.429897379652
1st St SPS,E,34.0405189968146,-118.204782674088
Gates St SPS,E,34.0728476327389,-118.205859124422
Lassen SPS,N,34.2472355372172,-118.459957722403
Nestle Ave SPS,N,34.1619228127525,-118.530062180686
Sierra Park PKFLP,E,34.0816188208346,-118.169196915442
Weigand Ave SPS,S,33.9417014486054,-118.230181990361
Burbank Blvd SPS,N,34.171284465865,-118.399322120102
Toluca Lake CSPP,N,34.1595695260811,-118.36054018429
Latona Ave CSPP,E,34.0917797098547,-118.202312099378
Sheridan St CSPP,E,34.0494979603927,-118.207961973817
Braddock Dr CSPP,W,33.9927165657044,-118.415905702453
Union Ave CSPP,E,34.0632282940772,-118.267125175914
Stoner Ave CSPP,W,33.995590307005,-118.413474083048
Amestoy SPS,S,33.8956606589156,-118.29319602552
Primary Academy CSPP,N,34.2352187101341,-118.455796594932
Coliseum St CSPP,S,34.0177686479826,-118.344035521381
Magnolia Ave CSPP,W,34.0436408482522,-118.287441738673
Harmony CSPP,E,34.007089518463,-118.259512991965
Walnut Park PKFLP,E,33.9670722214952,-118.223772100659
Broad Ave CSPP,S,33.8015055776435,-118.262776266909
Gardner St SPS,W,34.0993891106627,-118.352176248043
Cheremoya SPS,W,34.1057124750266,-118.320841261429
Lafayette Park PC CSPP,E,34.0664371661031,-118.280394646194
Ochoa Lrng Ctr PKFLP,E,33.9679311713605,-118.176600879948
Stanford Ave CSPP,E,33.9482683444406,-118.217643785154
Maple SPS,E,34.0154976272077,-118.271201807356
Corona Ave PKFLP,E,33.9768791823298,-118.197418220806
West Athens CSPP,S,33.9243931983607,-118.293985805954
107th St CSPP,S,33.9401938232548,-118.272498557216
99th St CSPP,S,33.9464097792125,-118.257595922373
Russell SPS,S,33.9609866843412,-118.252047925435
Hughes PKFLP,E,33.9649539775879,-118.192558707372
San Miguel CSPP,E,33.9451778052279,-118.201481445966
186th St CSPP,S,33.8629376659692,-118.305929973275
Annalee Ave CSPP,S,33.8541630582635,-118.251821137028
Barton Hill CSPP,S,33.7464854713903,-118.288975117521
Hamasaki SPS,E,34.0376789169573,-118.159919192962
Escutia CSPP,E,33.9787698194686,-118.198358280026
Coughlin SPS,N,34.2699466316467,-118.403382153829
Lexington Ave CSPP,W,34.0928517553487,-118.288271236043
Middleton CSPP,E,33.9788041660274,-118.229351732325
Parks CSPP,N,34.2304854071947,-118.46167921677
Panorama City CSPP,N,34.2267722391043,-118.456887408856
Washington CSPP,S,33.9326544023754,-118.291004240655
De La Torre Jr. LAUP,S,33.7761546758589,-118.26544570785
Huntington Park LAUP,E,33.9850761685562,-118.195417425803
Jones SPS,S,34.001134036821,-118.292107548772
Wisdom CSPP,S,33.9738159251136,-118.255641259993
Korenstein CSPP,N,34.2093911878768,-118.393799657942
Vista del Valle CSPP,N,34.2955288816645,-118.42168708674
Cardenas CSPP,N,34.1958878493674,-118.441604722
Mosk CSPP,N,34.2039689681594,-118.568499501575
Maywood CS Mag,E,33.9932442890974,-118.183950453521
Pomelo AS Mag,N,34.2090158436785,-118.643063239293
Roosevelt LPS Mag,E,34.0394801489754,-118.20992375163
Roybal-Allard DREAMS Mag,E,33.9754040549464,-118.209501312122
West Valley EEC,N,34.1839910124351,-118.569327282877
Limerick Ave,N,34.2254990192897,-118.582186826854
Blythe St,N,34.2138755064609,-118.54147302839
Van Ness Ave CSPP,W,34.0803689257006,-118.316431235837
Eagle Rock/Highland Park CoS,E,34.1212445126854,-118.194150873299
Miles Ave STM Mag,E,33.9775483732812,-118.217795778992
Monte Vista FC Mag,E,34.110512718442,-118.198042150684
Le Conte CESCA Mag,W,34.094867423675,-118.316884791275
Garfield CS Mag,E,34.0269349025375,-118.157801147856
Cabrillo Ave STEAM Mag,S,33.7374416350181,-118.293692163891
N.E.W. Academy - Sci & Arts,E,34.0595661792475,-118.26623528771
N.E.W. Academy - Sci & Arts,E,34.0584122947675,-118.26523789446
N.E.W. Academy - Sci & Arts,E,34.0575425551561,-118.265801448815
New Horizons Chrtr Acad,N,34.1885868213586,-118.374829050331
New Los Angeles,W,34.0218038536807,-118.371025425966
West Adams FEMS Mag,W,34.0395303683098,-118.290433510733
Downtown CSDMAE Mag,E,34.0608057318516,-118.254549052996
Hamilton Hum Mag,W,34.0341368994904,-118.391659944687
Hollywood PA Mag,W,34.0991841531083,-118.340049111252
32nd St USC MAE Mag,S,34.0242069372894,-118.282687997187
Multnomah St ES Mag,E,34.0680750068115,-118.193602643556
Nightingale BET Mag,E,34.087716685298,-118.219110022059
Virgil MHS Mag,E,34.0739086423963,-118.290119223084
Lorne St STM Mag,N,34.216485583549,-118.513130241248
Holmes IH Mag,N,34.2407140864165,-118.506494954804
Broadous STM Mag,N,34.2832645996292,-118.408525444371
Taper Ave STEAM Mag,S,33.7625494155997,-118.298416125639
Vena Gifted Mag,N,34.2398681941686,-118.420682881943
Sunny Brae Ave GA Mag,N,34.2128775520168,-118.582085317111
Purche Ave STEAM Mag,S,33.9116063835844,-118.319644339491
Monroe FEMS Mag,N,34.2375970039167,-118.478507750577
Rise Kohyang High,E,34.0629419027061,-118.250951672809
Valor Academy,N,34.2290776194737,-118.435848864382
Johnson STEM Acad,W,33.9581583588605,-118.426721682134
MaCES Mag,E,33.9876973959832,-118.182202829484
BALA,S,33.9357130238981,-118.302740821095
West Adams PA Mag,W,34.0395303683098,-118.290433510733
North Hollywood STEM Mag,N,34.1667129120932,-118.39003906227
Pacoima FMPA Mag,N,34.250347461963,-118.425861471474
Reseda PA Mag,N,34.1896107317814,-118.529241164524
South Gate STM Mag,E,33.9519873371832,-118.19799105587
Bryson STM Mag,E,33.944043864505,-118.192787826408
Allesandro CL Mag,W,34.1019316009581,-118.251937256777
Sutter STEAM Mag,N,34.2029967490709,-118.569556070386
Humphreys Ave STM Mag,E,34.0286821737471,-118.170272432537
Buchanan St STM Mag,E,34.119087943902,-118.20647172425
Hubbard St STEAM Mag,N,34.3141477996874,-118.424471270739
Braddock Dr Gifted Mag,W,33.9927165657044,-118.415905702453
CTC - West,W,34.0820377192664,-118.360065586564
Slawson Occ Ctr,E,33.9901516513901,-118.168132547469
Ednovate - Brio Col Prep,E,34.0543891772503,-118.254907218302
Ednovate - Esperanza Col Prep,E,34.0288984652172,-118.154468318082
Equitas Acad 4,E,34.0587732977732,-118.281611111543
Gabriella Chrtr 2,E,34.0120894295819,-118.269463602636
Eagle Rock Gifted Mag,E,34.1317549953358,-118.205077291626
Mount Gleason Gifted Mag,N,34.2693859868144,-118.303787789095
Verdugo Hills STEAMM Mag,N,34.2616539903068,-118.299325286442
Mulholland PA Mag,N,34.192747710701,-118.505353006488
Sendak ACT Mag,N,34.1780500486091,-118.380747474218
Plasencia STEAM Mag,E,34.0657522478694,-118.256121402142
Alliance College-Ready MS Acad 12,E,33.9975505922127,-118.273321782308
Aspire Jr Collegiate Acad,E,33.9784879378993,-118.235265771169
Aspire Titan Acad,E,33.978550093719,-118.23527939834
Camino Nuevo HS 2,E,34.0765157720222,-118.28462310098
City Language Immersion Chrtr,W,34.043731533378,-118.324829779186
KIPP Corazon Acad,E,33.950907326825,-118.218392939198
WISH Acad High,W,33.9595834920974,-118.42660303451
WISH Community,W,33.9595834920974,-118.42660303451
Multicultural Lrng Ctr,N,34.2180256179405,-118.600454046541
Burbank Blvd GGL Mag,N,34.171284465865,-118.399322120102
Franklin DLA Mag,E,34.1158673500982,-118.198683127648
Henry VAPA Mag,N,34.2595591431268,-118.512159638221
Multnomah Gifted Mag,E,34.0680750068115,-118.193602643556
Equitas Acad Chrtr 2,W,34.0578756506585,-118.284856402822
Extera Public School 2,E,34.0254116795704,-118.20266276907
Ingenium Chrtr MS,N,34.2043499378533,-118.570812026233
KIPP Iluminar Acad,E,34.0400841585105,-118.161074597568
Math and Sci College Prep,W,34.0324357034519,-118.319155909223
TEACH Academy of Technologies,S,33.9452448320297,-118.308821954764
Univ Pathways Pub Srv,S,33.9619956762462,-118.248782382804
Univ Pathways Medical,S,33.932094054942,-118.270496417781
Valley Chrtr Middle,N,34.2009509602727,-118.452101246173
Hyde Park EEC,S,33.9810508435505,-118.328984195352
BTB Ready Set Go,E,34.050806856384,-118.233942185811
Independence STEM Mag,E,33.9589776284574,-118.210106886192
San Jose St HG Mag,N,34.2618757597288,-118.457512579967
South East STEAM Mag,E,33.9442755689876,-118.222330367572
Banning CP Mag,S,33.7936065395161,-118.262015701876
Prepa Tec LA,E,33.9662334297757,-118.230460426646
Valor Acad Chrtr HS,N,34.240862235779,-118.458717346522
KIPP Academy of Opp,S,33.9610522205497,-118.28252169278
Hillcrest Dr,S,34.014090061505,-118.348298313773
STEM Prep ES,S,34.0244964085721,-118.29978670278
Lrng by Design Chrtr,S,33.9758861427424,-118.317886850111
Matrix for Success Acad,E,34.0126747400933,-118.257840690006
Polytechnic STM Mag,N,34.223947094801,-118.40394172765
Gulf Ave STEAM Mag,S,33.7854959121181,-118.272760364707
San Miguel STEAM Mag,E,33.9451778052279,-118.201481445966
San Antonio STEM Mag,E,33.9829443219254,-118.211509572272
KIPP Empower Academy,S,33.9619597218338,-118.282503512409
Larchmont Chrtr,E,34.0635170494973,-118.283330681383
PUC Lakeview Charter High School,N,34.3141337817341,-118.459884608337
Aspire Centennial College Prep Academy,E,33.977425996691,-118.234132658474
Nava College Prep Acad,E,34.0092889526014,-118.251351567245
Vox Collegiate of LA,S,33.959850076415,-118.294096654782
High Tech LA Middle,N,34.162371841335,-118.427073107003
ISANA Palmati Chrtr,N,34.21636375586,-118.35775125345
California Creative Lrng Acad Middle,W,34.1106913106814,-118.245367839181
TEACH Prep Cunningham & Morris,S,33.9606904661668,-118.30921783725
Franklin STM Mag,E,34.1158673500982,-118.198683127648
Gledhill STM Mag,N,34.2410120199986,-118.48197551446
Knox VAPA Mag,S,33.9555258060262,-118.274575666599
Belvedere STEAM Mag,E,34.0393418357994,-118.181081205733
Boyle Heights STEM Mag,E,34.0365732858258,-118.212234342148
Alliance Kory Hunter Middle,S,33.987117955088,-118.247396412154
Alliance Bloomfield Tech Acad,E,33.9671353893855,-118.230623835278
Animo Jemison Chrtr Middle,S,33.9175527548201,-118.264057669647
Valley Intl Prep High,N,34.2207880845425,-118.543268332936
Johnson CDS,S,33.9390546733907,-118.244120641817
Anahuacalmecac IUNA,E,34.0875372685786,-118.174334848157
Anahuacalmecac IUNA,E,34.087725931957,-118.173890661831
New Designs Chrtr,S,34.0325799903997,-118.289787055359
Fletcher Dr STEAM Mag,W,34.1177702312988,-118.240162909873
Marvin Lang Mag,W,34.035661685797,-118.364332146444
Cantara St VAPA Mag,N,34.2184579857125,-118.525364029544
Dodson VAPA Mag,S,33.7659305032856,-118.315632068352
El Sereno STM Mag,E,34.0796107333246,-118.179646213085
Banning STEAM Mag,S,33.7936065395161,-118.262015701876
Everest Value School,E,34.0757340130957,-118.289244485022
Global Educ Acad 2,S,34.0110064548014,-118.315494434197
KIPP Acad of Innovation,E,34.0186497778765,-118.182251595151
KIPP Vida Prep Acad,S,34.0032579715252,-118.295752828027
PUC Community Chrtr ES,N,34.3060979101235,-118.438527787806
PUC Inspire Chrtr Acad,N,34.2772371085698,-118.406509927796
Anahuacalmecac IUNA,E,34.0852219553112,-118.181580907217
Rise Kohyang,E,34.0625736498811,-118.282219484972
Scholarship Prep South Bay,S,33.7997694924311,-118.263759276239
Vista Horizon Global Acad,W,34.0532634369927,-118.305110940646
Canoga Park MS MMS Mag,N,34.2116069717164,-118.612046025358
Gardena GB Mag,S,33.868460920097,-118.296833965145
Madison CSED Mag,N,34.1964268682075,-118.416497522769
Belvedere MC Mag,E,34.0393418357994,-118.181081205733
King GAT Mag,W,34.0970400763778,-118.280831095752
Lawrence PS Mag,N,34.2534141692113,-118.591845074749
TEACH Tech High,S,33.9398674789889,-118.308787706461
Village Charter School,N,34.2043852830655,-118.603010191151
WISH Community,W,33.969139549267,-118.404526994381
Vaughn Next Century Learning Ctr,N,34.2791670299431,-118.423638238213
Vaughn Next Century Learning Ctr,N,34.2735554774854,-118.417196493161
74th St Gifted Mag,S,33.9723379910949,-118.316614488232
Adams Middle Gifted Mag,E,34.0230568092458,-118.271721871359
El Sereno ESH Mag,E,34.0796107333246,-118.179646213085
232nd Pl STEMM Mag,S,33.8141212341761,-118.281747535974
Cowan Ave GIH Mag,W,33.9726498971627,-118.406157294832
Kennedy ADDF Mag,N,34.2751250165491,-118.487004223785
Manchester CB Mag,S,33.9594137359706,-118.285824264319
Vaughn Next Century Learning Ctr,N,34.2798319247659,-118.425207652732
Dorsey High,S,34.0228612776493,-118.348085446942
Coliseum St,S,34.0177686479826,-118.344035521381
Alliance Marine- Innov & Tech 6-12 Cmplx,N,34.2374406438766,-118.392956745958
Collegiate Chrtr High of LA,E,34.0263226126844,-118.192547282968
Monlux STM Mag,N,34.1815698977264,-118.409918260573
Park Western Pl GSTREAM Mag,S,33.7534906398306,-118.304006161718
Grant CPDA Mag,N,34.177507539896,-118.4163912387
Hale GSTEAM Mag,N,34.1766139473901,-118.645476862652
Canterbury Ave Gifted Mag,N,34.2330337620449,-118.429261607391
Byrd STM Mag,N,34.223229023321,-118.407878185829
Hamilton AMPA Mag,W,34.0341368994904,-118.391659944687
Hollenbeck LPS Mag,E,34.0360200780565,-118.212093952045
Pacoima CSM Mag,N,34.250347461963,-118.425861471474
San Fernando STM Mag,N,34.2728612098131,-118.443318338016
Romer STEM Mag,N,34.1894000153761,-118.398195087777
Revere STM Mag,W,34.0547275776776,-118.494461731859
Van Nuys PA Mag,N,34.1892633299493,-118.455197861851
Van Nuys STM Mag,N,34.1892633299493,-118.455197861851
Wright Gifted Mag,W,33.9677173922429,-118.40398868935
Fairfax VA Mag,W,34.0820377192664,-118.360065586564
Ednovate - East College Prep,E,34.0702042114231,-118.199702206574
Equitas Acad Chrtr 3,E,34.0489012150417,-118.275640202542
Fenton Chrtr LA,N,34.2314678689636,-118.366516368121
Fenton Acad STEM,N,34.2314678689636,-118.366516368121
Ingenium Chrtr,N,34.2126161306207,-118.611703812593
KIPP Ignite Acad,S,33.9535711608029,-118.256236046507
KIPP Promesa Prep,E,34.0273505208148,-118.219603909786
Libertas Col Prep Chrtr,S,33.9967778964542,-118.309095852153
Mosk STEAM Mag,N,34.2039689681594,-118.568499501575
Banning FEMS Mag,S,33.7936065395161,-118.262015701876
Canoga Park EEVS Mag,N,34.1956119531789,-118.603759799087
Mulholland Robotics Mag,N,34.192747710701,-118.505353006488
Armstrong MS SGE Mag,N,34.1636782019921,-118.428379227307
Eagle Rock Gifted Mag,E,34.1363149412042,-118.212547046413
Montara STM Mag,E,33.9445594116711,-118.217857241302
Monroe LG Mag,N,34.2375970039167,-118.478507750577
Monroe STM Mag,N,34.2375970039167,-118.478507750577
Nightingale GSTEM Mag,E,34.087716685298,-118.219110022059
Canoga Park CAM Mag,N,34.1956119531789,-118.603759799087
Dodson Gifted Mag,S,33.7659305032856,-118.315632068352
Huntington Park STEAM Mag,E,33.986506164923,-118.218254090746
University Prep Value High,W,34.0467048428017,-118.281140717425
Bert Corona Chrtr High,N,34.2700203429838,-118.406124464673
Alliance College-Ready MS Acad 8,E,34.0354675799378,-118.187330156001
Pearl Journalism Mag,N,34.1910238454436,-118.502148404961
Venice WLGS Mag,W,33.9970588987913,-118.443658819626
Nightingale MHK Mag,E,34.087716685298,-118.219110022059
Peary Gifted Mag,S,33.8828835822025,-118.301307994596
Henry CMS Mag,N,34.2595591431268,-118.512159638221
Euclid GSTEAM Mag,E,34.0310700086891,-118.206195448144
Angeles Mesa STEAM Mag,W,33.9960174376157,-118.321978198259
Rancho Dominguez LGPS Mag,S,33.8329530710932,-118.2151858441
Webster STEAM Mag,W,34.0280974550669,-118.434469117961
Palms Gifted Mag,W,34.0220946816408,-118.415347065116
Barton Hill MSTEAM Mag,S,33.7464854713903,-118.288975117521
Commonwealth Ave GAT Mag,E,34.0699157355555,-118.286260181142
Hawaiian Ave STEAM Mag,S,33.7756160775471,-118.275833765984
De La Torre STEAM Mag,S,33.7761546758589,-118.26544570785
Reseda AME Mag,N,34.1896107317814,-118.529241164524
Accelerated Chrtr ES,E,34.0116508140751,-118.273820580212
GALA Dr. King School for STEM,W,34.0550973734931,-118.331424123204
Amestoy MM Mag,S,33.8956606589156,-118.29319602552
Welby Way Gifted Mag,N,34.1914996975024,-118.637890958146
Sylmar STM Mag,N,34.3078915768732,-118.440453567587
Marshall Gifted Mag,W,34.1089740641798,-118.277052375875
Twain WL Mag,W,34.0010387722503,-118.446065389237
Roybal LC Film/TV Mag,E,34.0608546816963,-118.255849628652
Peary STEAM Mag,S,33.8828835822025,-118.301307994596
Stevenson CA Mag,E,34.0270851537075,-118.19361925755
Sunland Gifted Mag,N,34.2628959631439,-118.314318217222
Nimitz STM Mag,E,33.986109347933,-118.197963293662
Alta California GSTEAM Mag,N,34.2328259934809,-118.456906541593
Dayton Heights UES Mag,W,34.0825548908608,-118.288707702237
Animo Ochoa Chrtr Middle,E,34.0411981785562,-118.171786555003
Animo Florence-Firestone Chrtr Middle,S,33.9627067934188,-118.242248237735
Arts In Action Comm Middle,E,34.0232263615528,-118.1656710441
ISANA Octavia,W,34.1184046056172,-118.240496403906
Nobel STEAM Mag,N,34.251219580033,-118.55248823113
Hughes STM Mag,E,33.9649539775879,-118.192558707372
Baldwin Hills Gifted Mag,W,34.0226364771529,-118.365491176271
Bell GSTEAM Mag,E,33.9726972296907,-118.190235072538
Burroughs Gifted Mag,W,34.0635749503099,-118.336137684844
Bernstein CACT Mag,W,34.0958976916695,-118.31467838372
Kester Ave Gifted Mag,N,34.167663394287,-118.4583499531
Fulton CAM Mag,N,34.206590548533,-118.45961777229
Fairfax PA Mag,W,34.0820377192664,-118.360065586564
Melvin Ave HL Mag,N,34.2099864598315,-118.559109882816
Ambler Ave Gifted Mag,S,33.8781982740333,-118.270799735346
Annalee Ave STEAM Mag,S,33.8541630582635,-118.251821137028
Eagle Rock HG Mag,E,34.1363149412042,-118.212547046413
Extera Public School 2,E,34.0171511538349,-118.184608593702
Girls Althletic Ldrshp Sch Los Angeles,N,34.2164646977981,-118.448978296302
ICEF Vista Acad,W,33.9949731969339,-118.413723340699
KIPP Comienza Community,E,33.9737253218549,-118.23223034036
Victory Blvd STEAM Mag,N,34.1856972323802,-118.392980464045
Fleming STM Mag,S,33.7922388300709,-118.31336816248
Leland St GA Mag,S,33.7247393732875,-118.300100556798
Saturn St AM Mag,W,34.0462418762062,-118.356526230461
Koreatown/Mid-City CoS,W,34.0534965622101,-118.304837812289
LA Mid-City CoS,W,34.0580308820798,-118.343760285597
Bell/Cudahy/Maywood CoS,E,33.960674753779,-118.173237566686
Boyle Heights CoS,E,34.0492681501703,-118.224593409137
Carson CoS,S,33.8296722278265,-118.258136519295
Cleveland CoS,N,34.223301511051,-118.52531981648
Canoga Park/Chatsworth CoS,N,34.2534141692113,-118.591845074749
Downtown CoS,E,34.0718957098784,-118.270345517884
VA Business & Entrep,N,34.2038990907863,-118.556898978761
VA Arts & Entmt,S,33.8502217604818,-118.251232246635
North Valley Military Inst Col Prep Acad,N,34.2359996978199,-118.396655814375
Ascot Ave DTS,E,34.003402280418,-118.249049997626
Berendo MS GD/E Mag,W,34.0500207948945,-118.295088997594
Los Angeles DA/T Mag,W,34.0481899382436,-118.305932954246
Parthenia AAT DTS,N,34.2276812917051,-118.499296179354
Woodland Hills Hum Mag,N,34.1705436177943,-118.586755018716
Tweedy DTS,E,33.9436336714285,-118.181660695461
El Rio Community Sch,E,34.0721304021612,-118.219969061174
Vanalden Ave EEC,N,34.1830283287629,-118.548100102932
Virginia Rd DLC Sp,W,34.0285279833668,-118.339977420328
East Los Angeles CoS,E,34.0379588202729,-118.168104355004
South Gate CoS,E,33.956040202184,-118.208953325621
South Mid-City CoS,S,33.9765901374886,-118.31222134952
Sun Valley CoS,N,34.215833749515,-118.364875125078
Sunland/Tujunga CoS,N,34.253231811587,-118.285184147551
Taft CoS,N,34.1705436177943,-118.586755018716
Van Nuys/Valley Glen CoS,N,34.1964268682075,-118.416497522769
Venice CoS,W,34.0021038835828,-118.430158131419
Porter MS IT Mag,N,34.2623978411535,-118.479954985311
Clinton MS PA Mag,E,34.0173173115361,-118.277014160558
Taft GSTEAM Mag,N,34.1686608464973,-118.573181061552
Russell Gifted Mag,S,33.9609866843412,-118.252047925435
University MAST Mag,W,34.0449343239842,-118.459370193318
Bandini St DLC Sp,S,33.7463647687604,-118.300024934054
Gates St DL Ma,E,34.0728476327389,-118.205859124422
Pacific Blvd DLC Sp,E,33.9906263064554,-118.22396762932
Rowan Ave DLC Sp,E,34.0286364846505,-118.186788079723
4th St PC DLC Sp,E,34.0275548534704,-118.154498763386
Stanford Ave DLC Sp,E,33.9513129925174,-118.221032135779
West LA CoS,W,34.0508064408914,-118.474093113167
Westchester CoS,W,33.9575549612691,-118.421107962324
Wilmington CoS,S,33.7887992014491,-118.266197604206
Manual Arts/Vermont Square CoS,S,34.0011887680168,-118.310136687401
Monroe CoS,N,34.2410773997984,-118.466059043259
North Hollywood/Valley Village CoS,N,34.1658475873263,-118.376405257231
Panorama City CoS,N,34.2200608252712,-118.460625838339
Reseda CoS,N,34.192747710701,-118.505353006488
San Fernando/Sylmar CoS,N,34.3141477996874,-118.424471270739
Banning Adult School,S,33.7930539133703,-118.264398600572
MacArthur Park CoS,E,34.0718957098784,-118.270345517884
Santee Ed Cmplx,E,34.0270838371954,-118.264879232912
Rivera CoS,S,33.9795415994324,-118.267628602565
17th St Admin Off,E,34.0366165230505,-118.272246527746
31st District PTA Health Ctr,N,34.2025293842811,-118.513964476334
Devonshire,N,34.2527437528061,-118.564408200336
Highlander Rd,N,34.1954509618816,-118.644986366336
Platt Ranch,N,34.1666852913099,-118.644363684142
Collins St,N,34.1745576566219,-118.613618867954
28th St,E,34.0189746289968,-118.261772774897
Miramonte,S,33.9775406893745,-118.249690351177
Harmony,E,34.007089518463,-118.259512991965
Los Angeles Academy Middle,E,33.9905978327203,-118.263640414924
Kentwood EEC,W,33.9612437602057,-118.405179921579
Drew Middle,S,33.9620965498171,-118.250087827979
Oso Ave,N,34.1752668338904,-118.57693542415
Mid-City Adult Basic Education,E,34.0522810226458,-118.270415618689
Parent Comm Stud Serv,E,34.0669331336538,-118.256502306388
Yale St Annex,E,34.0658133211649,-118.239048198411
Ft MacArthur,S,33.7150609501914,-118.296155533036
14th St Admin Office,E,34.0314695768884,-118.25390498949
Gardena Bus Garage,S,33.8666128880553,-118.28700378362
M & O Area S-2 Office,S,33.8693033507486,-118.282081595354
Carnegie Med Mag,S,33.8296722278265,-118.258136519295
Chatsworth CHS GSTEAM Mag,N,34.253657416911,-118.586327704224
Hale VAPA Mag,N,34.1766139473901,-118.645476862652
Palms MMC Mag,W,34.0220946816408,-118.415347065116
Kindergarten Lrng Acad,N,34.1901834366499,-118.447198632714
Val Cls Emp Office,N,34.1896668453122,-118.522882723638
NVOC Aviation Trades,N,34.2079291970514,-118.492778897283
Emerson Adult Ctr,W,33.9567568299839,-118.403553846794
10th District PTA Health Ctr,W,34.040527312557,-118.278388402317
Clas Pers Selctn & Trng,E,34.0562183795466,-118.269137835221
Hughes Middle,N,34.1740521191349,-118.617783703833
Bellevue PC,E,34.0794162668128,-118.280339077228
Valley Oaks Center for Enriched Studies,N,34.2349544235335,-118.39801294472
Vista GSTEAM Mag,N,34.2200608252712,-118.460625838339
Elementary/Secondary CDS,E,34.0531487064723,-118.216692788598
Secondary CDS,E,33.9874104039035,-118.21708504744
Nueva Vista VAPA Mag,E,33.9804822156285,-118.188769448867
Frost STEAM Mag,N,34.2947040217211,-118.510828179746
White STEAM Mag,S,33.8256582402112,-118.284929356529
Los Angeles STEAM Mag,W,34.0551570043949,-118.332903759011
Secondary CDS,S,33.9767431290826,-118.312510280557
KIPP Corazon Acad,E,33.9584855248269,-118.22149535783
KIPP Comienza Community,E,33.9821018537562,-118.222254335731
Chavez LA - Tech Prep Acad,N,34.2895243349664,-118.42180240829
King ESTEAM Mag,W,34.0970400763778,-118.280831095752
Mount Gleason STEAM Mag,N,34.2693859868144,-118.303787789095
Grant HIS Mag,N,34.177507539896,-118.4163912387
Wilson FEMS Mag,E,34.0687902054101,-118.186831693678
Reseda Sci Mag,N,34.1896107317814,-118.529241164524
Romer GH Mag,N,34.1894000153761,-118.398195087777
Newman Nutrition Center,E,34.0558865544479,-118.203121271361
East Cls Emp Off,E,34.0550446734767,-118.204576960056
San Pedro/Narbonne Adult,S,33.7452463476288,-118.297501301641
Garfield Adult Ed,E,34.03896364839,-118.172379124403
Valley Admin Office/,N,34.1901590811188,-118.502037455573
Torres ELA Perf Arts Acad,E,34.0415748661116,-118.17604633678
Armstrong MS PA Mag,N,34.1636782019921,-118.428379227307
Walnut Park Middle Sch of Soc Justice,E,33.9716194882821,-118.230876618941
Westchester Med Mag High,W,33.957741573437,-118.428843458466
South Gate Pub Serv/Biomed Mag,E,33.956040202184,-118.208953325621
Van Nuys Med Mag,N,34.1892633299493,-118.455197861851
North Hollywood HG Mag,N,34.1667129120932,-118.39003906227
Portola HG Mag,N,34.1661497110745,-118.542851607329
Porter Gifted Mag,N,34.2623978411535,-118.479954985311
Hollywood NM Mag,W,34.0991841531083,-118.340049111252
M & O Area C-2 Office,E,34.0850788689956,-118.187748278362
Tweedy Adult Ctr,E,33.9466582585911,-118.180433696374
M & O Area N-1 Office,N,34.1907960168935,-118.503746354924
M & O Area C-3 Office,E,34.027651170495,-118.243487658746
Beaudry Admin Office,E,34.0563432351408,-118.257410886557
Mid-Cities Class Emp,S,33.9695932390229,-118.290674733054
Clay Middle,S,33.9211933766933,-118.306763244926
3rd St Gifted Mag,W,34.0700084552056,-118.335342262542
Carson MEDiA Mag,S,33.8222190430471,-118.273949283204
Frost Gifted/MC Mag,N,34.2947040217211,-118.510828179746
Cleveland GMS Mag,N,34.2178488857485,-118.547377885641
Wilson AL Mag,E,34.0687902054101,-118.186831693678
Dana STEAM Mag,S,33.73026038052,-118.295767099471
112th St EEC,S,33.933539883576,-118.2516949387
28th St EEC,E,34.0192474200742,-118.260803755477
37th St EEC,S,34.0217347090302,-118.294725099768
San Pedro Skills Center,S,33.7153893348836,-118.297959095711
Alameda Garage,E,33.975550755022,-118.235632193094
Sepulveda Bus Garage,N,34.2326653272476,-118.466481640881
Sun Valley Bus Garage,N,34.2018299110746,-118.377358675392
M & O Area S-1 Office,S,33.9793288432327,-118.328756288714
M & O Area C-1 Office,W,34.0477700658443,-118.342914627754
M & O Area N-2 Office,N,34.2316366664835,-118.373058245846
Clear Creek Outdoor Ed Center,N,34.2799169528042,-118.171548334372
Kennedy Glbl Ldrshp/Env Act Mag,N,34.2751250165491,-118.487004223785
ISANA Himalia Acad,E,34.0015394513128,-118.256750415156
Broadacres Ave VAPA Mag,S,33.8542791795466,-118.239102506788
4th St DL Two-Way Sp,E,34.0280096516585,-118.153321369284
Amestoy DTJ,S,33.8956606589156,-118.29319602552
66th St EEC,S,33.9790699746753,-118.267329321789
75th St EEC,S,33.9715146885081,-118.277422204843
95th St EEC,S,33.9489278146855,-118.292965229895
97th St EEC,S,33.9488866910539,-118.281743271419
